model,app_id,pw_weeks,horizon,predicted,fact,abs_err_pct,signed_err_pct
empirical,id6469790837,1,12,0.2212,0.2658,16.81,-16.81
empirical,id6469790837,1,26,0.1105,0.1474,24.99,-24.99
empirical,id6469790837,1,52,0.0483,0.0757,36.19,-36.19
empirical,id6473738977,1,12,0.2022,0.2328,13.14,-13.14
empirical,id6473738977,1,26,0.0972,0.1205,19.29,-19.29
empirical,id6473738977,1,52,0.0406,0.0584,30.49,-30.49
empirical,id6475044152,1,12,0.1897,0.1968,3.59,-3.59
empirical,id6475044152,1,26,0.0888,0.0969,8.34,-8.34
empirical,id6475044152,1,52,0.0359,0.0464,22.73,-22.73
empirical,id6479984811,1,12,0.2253,0.2803,19.6,-19.6
empirical,id6479984811,1,26,0.1135,0.152,25.28,-25.28
empirical,id6479984811,1,52,0.0501,0.0823,39.18,-39.18
empirical,id6503345402,1,12,0.2259,0.2451,7.85,-7.85
empirical,id6503345402,1,26,0.114,0.1268,10.09,-10.09
empirical,id6503345402,1,52,0.0503,0.057,11.65,-11.65
empirical,id6677033712,1,12,0.2007,0.2153,6.78,-6.78
empirical,id6677033712,1,26,0.0962,0.104,7.48,-7.48
empirical,id6677033712,1,52,0.04,0.0445,10.04,-10.04
empirical,id6720756581,1,12,0.1827,0.1985,7.95,-7.95
empirical,id6720756581,1,26,0.0842,0.1025,17.93,-17.93
empirical,id6720756581,1,52,0.0334,0.0384,13.01,-13.01
empirical,id6733246935,1,12,0.2257,0.247,8.62,-8.62
empirical,id6733246935,1,26,0.1138,0.1295,12.14,-12.14
empirical,id6733246935,1,52,0.0502,0.0593,15.35,-15.35
empirical,id6736480661,1,12,0.2249,0.2275,1.14,-1.14
empirical,id6736480661,1,26,0.1133,0.113,0.24,0.24
empirical,id6736480661,1,52,0.0499,0.0468,6.67,6.67
empirical,id6736709602,1,12,0.213,0.2093,1.77,1.77
empirical,id6736709602,1,26,0.1047,0.1063,1.48,-1.48
empirical,id6738656024,1,12,0.2224,0.2199,1.14,1.14
empirical,id6738656024,1,26,0.1114,0.1178,5.41,-5.41
empirical,id6738656024,1,52,0.0488,0.0482,1.2,1.2
empirical,id6740285942,1,12,0.2277,0.2226,2.29,2.29
empirical,id6740285942,1,26,0.1152,0.1089,5.83,5.83
empirical,id6740285942,1,52,0.0511,0.0491,4.09,4.09
empirical,id6740338198,1,12,0.2432,0.2286,6.38,6.38
empirical,id6740338198,1,26,0.1267,0.1138,11.31,11.31
empirical,id6740338198,1,52,0.0581,0.0479,21.35,21.35
empirical,id6742549516,1,12,0.2275,0.2274,0.03,0.03
empirical,id6742549516,1,26,0.1151,0.1151,0.05,0.05
empirical,id6742549516,1,52,0.051,0.0513,0.47,-0.47
empirical,id6743124943,1,12,0.2254,0.2088,7.93,7.93
empirical,id6743124943,1,26,0.1136,0.103,10.24,10.24
empirical,id6743124943,1,52,0.0501,0.0264,89.6,89.6
empirical,id6743130633,1,12,0.1651,0.2098,21.29,-21.29
empirical,id6743130633,1,26,0.0729,0.1037,29.77,-29.77
empirical,id6743130633,1,52,0.0275,0.0447,38.58,-38.58
empirical,id6743133841,1,12,0.232,0.2332,0.53,-0.53
empirical,id6743133841,1,26,0.1184,0.112,5.72,5.72
empirical,id6743133841,1,52,0.053,0.0451,17.57,17.57
empirical,id6744300418,1,12,0.2435,0.2349,3.66,3.66
empirical,id6744300418,1,26,0.1269,0.1024,23.89,23.89
empirical,id6744300418,1,52,0.0582,0.0191,204.71,204.71
empirical,id6744782145,1,12,0.2157,0.1923,12.19,12.19
empirical,id6744782145,1,26,0.1067,0.1015,5.07,5.07
empirical,id6746098146,1,12,0.1966,0.1836,7.12,7.12
empirical,id6746098146,1,26,0.0934,0.0773,20.82,20.82
empirical,id6746759743,1,12,0.207,0.1888,9.67,9.67
empirical,id6746759743,1,26,0.1006,0.1024,1.73,-1.73
empirical,id6747645424,1,12,0.1832,0.1961,6.6,-6.6
empirical,id6747645424,1,26,0.0844,0.1009,16.28,-16.28
empirical,id6747979383,1,12,0.2127,0.1955,8.77,8.77
empirical,id6747979383,1,26,0.1045,0.0311,235.93,235.93
empirical,id6748954100,1,12,0.2091,0.2058,1.61,1.61
empirical,id6748954100,1,26,0.102,0.0567,79.97,79.97
empirical,id6751760495,1,12,0.1872,0.1828,2.41,2.41
empirical,id6751760495,1,26,0.0871,0.0856,1.77,1.77
empirical,id6751956241,1,12,0.1575,0.1642,4.08,-4.08
empirical,id6751956241,1,26,0.0681,0.0481,41.63,41.63
empirical,id6754024745,1,12,0.2089,0.2099,0.46,-0.46
empirical,id6754024745,1,26,0.1019,0.0874,16.52,16.52
empirical,id6756071194,1,12,0.2279,0.1995,14.22,14.22
empirical,id6756927091,1,12,0.1893,0.2273,16.73,-16.73
empirical,id6756975937,1,12,0.1774,0.1792,1.04,-1.04
empirical,id6757916413,1,12,0.2111,0.209,1.02,1.02
empirical,id6758091957,1,12,0.1644,0.1282,28.19,28.19
empirical,id6758389804,1,12,0.1912,0.1919,0.39,-0.39
empirical,id6759177171,1,12,0.1814,0.087,108.66,108.66
empirical,id6759972130,1,12,0.2249,0.1745,28.86,28.86
empirical,id6469790837,2,12,0.2259,0.2658,15.04,-15.04
empirical,id6469790837,2,26,0.1139,0.1474,22.69,-22.69
empirical,id6469790837,2,52,0.0503,0.0757,33.52,-33.52
empirical,id6473738977,2,12,0.2153,0.2328,7.51,-7.51
empirical,id6473738977,2,26,0.1064,0.1205,11.69,-11.69
empirical,id6473738977,2,52,0.0458,0.0584,21.48,-21.48
empirical,id6475044152,2,12,0.1953,0.1968,0.74,-0.74
empirical,id6475044152,2,26,0.0926,0.0969,4.46,-4.46
empirical,id6475044152,2,52,0.038,0.0464,18.26,-18.26
empirical,id6479984811,2,12,0.2404,0.2803,14.21,-14.21
empirical,id6479984811,2,26,0.1246,0.152,17.99,-17.99
empirical,id6479984811,2,52,0.0568,0.0823,30.97,-30.97
empirical,id6503345402,2,12,0.2422,0.2451,1.22,-1.22
empirical,id6503345402,2,26,0.1259,0.1268,0.68,-0.68
empirical,id6503345402,2,52,0.0576,0.057,1.16,1.16
empirical,id6677033712,2,12,0.2068,0.2153,3.95,-3.95
empirical,id6677033712,2,26,0.1004,0.104,3.44,-3.44
empirical,id6677033712,2,52,0.0424,0.0445,4.69,-4.69
empirical,id6720756581,2,12,0.1786,0.1985,10.01,-10.01
empirical,id6720756581,2,26,0.0815,0.1025,20.53,-20.53
empirical,id6720756581,2,52,0.0319,0.0384,16.71,-16.71
empirical,id6733246935,2,12,0.2313,0.247,6.33,-6.33
empirical,id6733246935,2,26,0.1179,0.1295,8.96,-8.96
empirical,id6733246935,2,52,0.0527,0.0593,11.16,-11.16
empirical,id6736480661,2,12,0.2329,0.2275,2.38,2.38
empirical,id6736480661,2,26,0.1191,0.113,5.38,5.38
empirical,id6736480661,2,52,0.0534,0.0468,14.18,14.18
empirical,id6736709602,2,12,0.2202,0.2093,5.23,5.23
empirical,id6736709602,2,26,0.1099,0.1063,3.35,3.35
empirical,id6738656024,2,12,0.2286,0.2199,3.99,3.99
empirical,id6738656024,2,26,0.116,0.1178,1.57,-1.57
empirical,id6738656024,2,52,0.0515,0.0482,6.82,6.82
empirical,id6740285942,2,12,0.2309,0.2226,3.75,3.75
empirical,id6740285942,2,26,0.1176,0.1089,8.0,8.0
empirical,id6740285942,2,52,0.0525,0.0491,7.0,7.0
empirical,id6740338198,2,12,0.2413,0.2286,5.56,5.56
empirical,id6740338198,2,26,0.1253,0.1138,10.08,10.08
empirical,id6740338198,2,52,0.0572,0.0479,19.54,19.54
empirical,id6742549516,2,12,0.2283,0.2274,0.39,0.39
empirical,id6742549516,2,26,0.1157,0.1151,0.56,0.56
empirical,id6742549516,2,52,0.0514,0.0513,0.23,0.23
empirical,id6743124943,2,12,0.2335,0.2088,11.8,11.8
empirical,id6743124943,2,26,0.1195,0.103,15.95,15.95
empirical,id6743124943,2,52,0.0536,0.0264,103.06,103.06
empirical,id6743130633,2,12,0.1768,0.2098,15.72,-15.72
empirical,id6743130633,2,26,0.0803,0.1037,22.59,-22.59
empirical,id6743130633,2,52,0.0313,0.0447,29.96,-29.96
empirical,id6743133841,2,12,0.2467,0.2332,5.76,5.76
empirical,id6743133841,2,26,0.1293,0.112,15.44,15.44
empirical,id6743133841,2,52,0.0597,0.0451,32.5,32.5
empirical,id6744300418,2,12,0.2459,0.2349,4.68,4.68
empirical,id6744300418,2,26,0.1287,0.1024,25.66,25.66
empirical,id6744300418,2,52,0.0594,0.0191,210.61,210.61
empirical,id6744782145,2,12,0.2034,0.1923,5.77,5.77
empirical,id6744782145,2,26,0.098,0.1015,3.41,-3.41
empirical,id6746098146,2,12,0.1991,0.1836,8.45,8.45
empirical,id6746098146,2,26,0.0951,0.0773,22.97,22.97
empirical,id6746759743,2,12,0.2016,0.1888,6.81,6.81
empirical,id6746759743,2,26,0.0969,0.1024,5.38,-5.38
empirical,id6747645424,2,12,0.1761,0.1961,10.19,-10.19
empirical,id6747645424,2,26,0.0799,0.1009,20.83,-20.83
empirical,id6747979383,2,12,0.2084,0.1955,6.57,6.57
empirical,id6747979383,2,26,0.1015,0.0311,226.25,226.25
empirical,id6748954100,2,12,0.2087,0.2058,1.42,1.42
empirical,id6748954100,2,26,0.1017,0.0567,79.5,79.5
empirical,id6751760495,2,12,0.1845,0.1828,0.92,0.92
empirical,id6751760495,2,26,0.0853,0.0856,0.33,-0.33
empirical,id6751956241,2,12,0.162,0.1642,1.33,-1.33
empirical,id6751956241,2,26,0.0709,0.0481,47.43,47.43
empirical,id6754024745,2,12,0.2189,0.2099,4.31,4.31
empirical,id6754024745,2,26,0.1089,0.0874,24.59,24.59
empirical,id6756071194,2,12,0.2241,0.1995,12.34,12.34
empirical,id6756927091,2,12,0.1717,0.2273,24.48,-24.48
empirical,id6756975937,2,12,0.1644,0.1792,8.26,-8.26
empirical,id6757916413,2,12,0.2048,0.209,2.03,-2.03
empirical,id6758091957,2,12,0.1493,0.1282,16.46,16.46
empirical,id6758389804,2,12,0.1776,0.1919,7.46,-7.46
empirical,id6759177171,2,12,0.1618,0.087,86.02,86.02
empirical,id6759972130,2,12,0.2268,0.1745,29.98,29.98
empirical,id6469790837,3,12,0.2373,0.2658,10.75,-10.75
empirical,id6469790837,3,26,0.1223,0.1474,17.04,-17.04
empirical,id6469790837,3,52,0.0554,0.0757,26.83,-26.83
empirical,id6473738977,3,12,0.229,0.2328,1.63,-1.63
empirical,id6473738977,3,26,0.1162,0.1205,3.55,-3.55
empirical,id6473738977,3,52,0.0517,0.0584,11.5,-11.5
empirical,id6475044152,3,12,0.1958,0.1968,0.49,-0.49
empirical,id6475044152,3,26,0.0929,0.0969,4.11,-4.11
empirical,id6475044152,3,52,0.0381,0.0464,17.86,-17.86
empirical,id6479984811,3,12,0.2502,0.2803,10.72,-10.72
empirical,id6479984811,3,26,0.132,0.152,13.15,-13.15
empirical,id6479984811,3,52,0.0614,0.0823,25.38,-25.38
empirical,id6503345402,3,12,0.2444,0.2451,0.3,-0.3
empirical,id6503345402,3,26,0.1276,0.1268,0.66,0.66
empirical,id6503345402,3,52,0.0587,0.057,3.01,3.01
empirical,id6677033712,3,12,0.2036,0.2153,5.45,-5.45
empirical,id6677033712,3,26,0.0982,0.104,5.58,-5.58
empirical,id6677033712,3,52,0.0411,0.0445,7.54,-7.54
empirical,id6720756581,3,12,0.1762,0.1985,11.22,-11.22
empirical,id6720756581,3,26,0.0799,0.1025,22.05,-22.05
empirical,id6720756581,3,52,0.0311,0.0384,18.86,-18.86
empirical,id6733246935,3,12,0.2386,0.247,3.4,-3.4
empirical,id6733246935,3,26,0.1232,0.1295,4.85,-4.85
empirical,id6733246935,3,52,0.056,0.0593,5.67,-5.67
empirical,id6736480661,3,12,0.2379,0.2275,4.56,4.56
empirical,id6736480661,3,26,0.1227,0.113,8.63,8.63
empirical,id6736480661,3,52,0.0557,0.0468,18.98,18.98
empirical,id6736709602,3,12,0.2194,0.2093,4.85,4.85
empirical,id6736709602,3,26,0.1093,0.1063,2.82,2.82
empirical,id6738656024,3,12,0.2244,0.2199,2.06,2.06
empirical,id6738656024,3,26,0.1129,0.1178,4.19,-4.19
empirical,id6738656024,3,52,0.0497,0.0482,2.99,2.99
empirical,id6740285942,3,12,0.2257,0.2226,1.4,1.4
empirical,id6740285942,3,26,0.1138,0.1089,4.51,4.51
empirical,id6740285942,3,52,0.0502,0.0491,2.33,2.33
empirical,id6740338198,3,12,0.2316,0.2286,1.31,1.31
empirical,id6740338198,3,26,0.1181,0.1138,3.77,3.77
empirical,id6740338198,3,52,0.0528,0.0479,10.33,10.33
empirical,id6742549516,3,12,0.2264,0.2274,0.48,-0.48
empirical,id6742549516,3,26,0.1143,0.1151,0.68,-0.68
empirical,id6742549516,3,52,0.0505,0.0513,1.45,-1.45
empirical,id6743124943,3,12,0.2218,0.2088,6.22,6.22
empirical,id6743124943,3,26,0.111,0.103,7.74,7.74
empirical,id6743124943,3,52,0.0486,0.0264,83.8,83.8
empirical,id6743130633,3,12,0.1814,0.2098,13.54,-13.54
empirical,id6743130633,3,26,0.0833,0.1037,19.74,-19.74
empirical,id6743130633,3,52,0.0329,0.0447,26.44,-26.44
empirical,id6743133841,3,12,0.2332,0.2332,0.01,-0.01
empirical,id6743133841,3,26,0.1193,0.112,6.51,6.51
empirical,id6743133841,3,52,0.0535,0.0451,18.76,18.76
empirical,id6744300418,3,12,0.2373,0.2349,1.02,1.02
empirical,id6744300418,3,26,0.1223,0.1024,19.4,19.4
empirical,id6744300418,3,52,0.0554,0.0191,189.76,189.76
empirical,id6744782145,3,12,0.1936,0.1923,0.72,0.72
empirical,id6744782145,3,26,0.0914,0.1015,9.93,-9.93
empirical,id6746098146,3,12,0.1978,0.1836,7.77,7.77
empirical,id6746098146,3,26,0.0943,0.0773,21.87,21.87
empirical,id6746759743,3,12,0.1947,0.1888,3.15,3.15
empirical,id6746759743,3,26,0.0922,0.1024,9.97,-9.97
empirical,id6747645424,3,12,0.1714,0.1961,12.57,-12.57
empirical,id6747645424,3,26,0.0769,0.1009,23.8,-23.8
empirical,id6747979383,3,12,0.2162,0.1955,10.6,10.6
empirical,id6747979383,3,26,0.107,0.0311,244.04,244.04
empirical,id6748954100,3,12,0.2053,0.2058,0.21,-0.21
empirical,id6748954100,3,26,0.0994,0.0567,75.4,75.4
empirical,id6751760495,3,12,0.1816,0.1828,0.68,-0.68
empirical,id6751760495,3,26,0.0834,0.0856,2.57,-2.57
empirical,id6751956241,3,12,0.1646,0.1642,0.29,0.29
empirical,id6751956241,3,26,0.0726,0.0481,50.87,50.87
empirical,id6754024745,3,12,0.2209,0.2099,5.28,5.28
empirical,id6754024745,3,26,0.1104,0.0874,26.24,26.24
empirical,id6756071194,3,12,0.2171,0.1995,8.81,8.81
empirical,id6756927091,3,12,0.1684,0.2273,25.92,-25.92
empirical,id6756975937,3,12,0.1633,0.1792,8.89,-8.89
empirical,id6757916413,3,12,0.2053,0.209,1.75,-1.75
empirical,id6758091957,3,12,0.1399,0.1282,9.12,9.12
empirical,id6758389804,3,12,0.1781,0.1919,7.23,-7.23
empirical,id6759177171,3,12,0.1597,0.087,83.67,83.67
empirical,id6759972130,3,12,0.2252,0.1745,29.05,29.05
empirical,id6469790837,4,12,0.2485,0.2658,6.53,-6.53
empirical,id6469790837,4,26,0.1307,0.1474,11.34,-11.34
empirical,id6469790837,4,52,0.0606,0.0757,19.92,-19.92
empirical,id6473738977,4,12,0.238,0.2328,2.23,2.23
empirical,id6473738977,4,26,0.1228,0.1205,1.93,1.93
empirical,id6473738977,4,52,0.0557,0.0584,4.59,-4.59
empirical,id6475044152,4,12,0.2024,0.1968,2.87,2.87
empirical,id6475044152,4,26,0.0974,0.0969,0.55,0.55
empirical,id6475044152,4,52,0.0407,0.0464,12.4,-12.4
empirical,id6479984811,4,12,0.258,0.2803,7.95,-7.95
empirical,id6479984811,4,26,0.1379,0.152,9.26,-9.26
empirical,id6479984811,4,52,0.0652,0.0823,20.79,-20.79
empirical,id6503345402,4,12,0.2458,0.2451,0.26,0.26
empirical,id6503345402,4,26,0.1286,0.1268,1.47,1.47
empirical,id6503345402,4,52,0.0593,0.057,4.14,4.14
empirical,id6677033712,4,12,0.2052,0.2153,4.7,-4.7
empirical,id6677033712,4,26,0.0993,0.104,4.51,-4.51
empirical,id6677033712,4,52,0.0417,0.0445,6.12,-6.12
empirical,id6720756581,4,12,0.1847,0.1985,6.96,-6.96
empirical,id6720756581,4,26,0.0855,0.1025,16.66,-16.66
empirical,id6720756581,4,52,0.0341,0.0384,11.19,-11.19
empirical,id6733246935,4,12,0.2393,0.247,3.1,-3.1
empirical,id6733246935,4,26,0.1238,0.1295,4.43,-4.43
empirical,id6733246935,4,52,0.0563,0.0593,5.1,-5.1
empirical,id6736480661,4,12,0.242,0.2275,6.35,6.35
empirical,id6736480661,4,26,0.1258,0.113,11.29,11.29
empirical,id6736480661,4,52,0.0575,0.0468,22.97,22.97
empirical,id6736709602,4,12,0.219,0.2093,4.64,4.64
empirical,id6736709602,4,26,0.109,0.1063,2.53,2.53
empirical,id6738656024,4,12,0.2156,0.2199,1.96,-1.96
empirical,id6738656024,4,26,0.1066,0.1178,9.54,-9.54
empirical,id6738656024,4,52,0.0459,0.0482,4.74,-4.74
empirical,id6740285942,4,12,0.2172,0.2226,2.41,-2.41
empirical,id6740285942,4,26,0.1077,0.1089,1.07,-1.07
empirical,id6740285942,4,52,0.0466,0.0491,5.01,-5.01
empirical,id6740338198,4,12,0.2241,0.2286,1.96,-1.96
empirical,id6740338198,4,26,0.1127,0.1138,1.0,-1.0
empirical,id6740338198,4,52,0.0495,0.0479,3.49,3.49
empirical,id6742549516,4,12,0.2217,0.2274,2.51,-2.51
empirical,id6742549516,4,26,0.1109,0.1151,3.58,-3.58
empirical,id6742549516,4,52,0.0485,0.0513,5.34,-5.34
empirical,id6743124943,4,12,0.2192,0.2088,4.96,4.96
empirical,id6743124943,4,26,0.1091,0.103,5.92,5.92
empirical,id6743124943,4,52,0.0474,0.0264,79.59,79.59
empirical,id6743130633,4,12,0.1915,0.2098,8.72,-8.72
empirical,id6743130633,4,26,0.09,0.1037,13.27,-13.27
empirical,id6743130633,4,52,0.0365,0.0447,18.31,-18.31
empirical,id6743133841,4,12,0.2262,0.2332,3.02,-3.02
empirical,id6743133841,4,26,0.1142,0.112,1.94,1.94
empirical,id6743133841,4,52,0.0504,0.0451,11.9,11.9
empirical,id6744300418,4,12,0.2335,0.2349,0.59,-0.59
empirical,id6744300418,4,26,0.1195,0.1024,16.67,16.67
empirical,id6744300418,4,52,0.0537,0.0191,180.82,180.82
empirical,id6744782145,4,12,0.1946,0.1923,1.22,1.22
empirical,id6744782145,4,26,0.0921,0.1015,9.29,-9.29
empirical,id6746098146,4,12,0.1895,0.1836,3.24,3.24
empirical,id6746098146,4,26,0.0887,0.0773,14.63,14.63
empirical,id6746759743,4,12,0.1915,0.1888,1.45,1.45
empirical,id6746759743,4,26,0.09,0.1024,12.08,-12.08
empirical,id6747645424,4,12,0.1703,0.1961,13.14,-13.14
empirical,id6747645424,4,26,0.0762,0.1009,24.5,-24.5
empirical,id6747979383,4,12,0.2165,0.1955,10.75,10.75
empirical,id6747979383,4,26,0.1073,0.0311,244.73,244.73
empirical,id6748954100,4,12,0.2031,0.2058,1.28,-1.28
empirical,id6748954100,4,26,0.0979,0.0567,72.72,72.72
empirical,id6751760495,4,12,0.1794,0.1828,1.88,-1.88
empirical,id6751760495,4,26,0.082,0.0856,4.25,-4.25
empirical,id6751956241,4,12,0.1668,0.1642,1.63,1.63
empirical,id6751956241,4,26,0.0739,0.0481,53.74,53.74
empirical,id6754024745,4,12,0.2327,0.2099,10.87,10.87
empirical,id6754024745,4,26,0.1189,0.0874,35.97,35.97
empirical,id6756071194,4,12,0.2195,0.1995,10.04,10.04
empirical,id6756927091,4,12,0.1428,0.2273,37.19,-37.19
empirical,id6756975937,4,12,0.1685,0.1792,5.97,-5.97
empirical,id6757916413,4,12,0.2087,0.209,0.13,-0.13
empirical,id6758091957,4,12,0.1043,0.1282,18.69,-18.69
empirical,id6758389804,4,12,0.1783,0.1919,7.11,-7.11
empirical,id6759177171,4,12,0.1368,0.087,57.36,57.36
empirical,id6759972130,4,12,0.2257,0.1745,29.34,29.34
empirical,id6469790837,5,12,0.2521,0.2658,5.16,-5.16
empirical,id6469790837,5,26,0.1334,0.1474,9.48,-9.48
empirical,id6469790837,5,52,0.0623,0.0757,17.62,-17.62
empirical,id6473738977,5,12,0.2366,0.2328,1.65,1.65
empirical,id6473738977,5,26,0.1218,0.1205,1.09,1.09
empirical,id6473738977,5,52,0.0551,0.0584,5.66,-5.66
empirical,id6475044152,5,12,0.1982,0.1968,0.71,0.71
empirical,id6475044152,5,26,0.0945,0.0969,2.46,-2.46
empirical,id6475044152,5,52,0.039,0.0464,15.94,-15.94
empirical,id6479984811,5,12,0.2653,0.2803,5.33,-5.33
empirical,id6479984811,5,26,0.1436,0.152,5.51,-5.51
empirical,id6479984811,5,52,0.0689,0.0823,16.31,-16.31
empirical,id6503345402,5,12,0.248,0.2451,1.15,1.15
empirical,id6503345402,5,26,0.1303,0.1268,2.76,2.76
empirical,id6503345402,5,52,0.0603,0.057,5.95,5.95
empirical,id6677033712,5,12,0.2069,0.2153,3.88,-3.88
empirical,id6677033712,5,26,0.1005,0.104,3.34,-3.34
empirical,id6677033712,5,52,0.0424,0.0445,4.56,-4.56
empirical,id6720756581,5,12,0.1857,0.1985,6.44,-6.44
empirical,id6720756581,5,26,0.0861,0.1025,16.0,-16.0
empirical,id6720756581,5,52,0.0344,0.0384,10.23,-10.23
empirical,id6733246935,5,12,0.2446,0.247,0.94,-0.94
empirical,id6733246935,5,26,0.1278,0.1295,1.36,-1.36
empirical,id6733246935,5,52,0.0588,0.0593,0.93,-0.93
empirical,id6736480661,5,12,0.2372,0.2275,4.26,4.26
empirical,id6736480661,5,26,0.1222,0.113,8.18,8.18
empirical,id6736480661,5,52,0.0553,0.0468,18.32,18.32
empirical,id6736709602,5,12,0.2156,0.2093,3.03,3.03
empirical,id6736709602,5,26,0.1066,0.1063,0.28,0.28
empirical,id6738656024,5,12,0.2107,0.2199,4.18,-4.18
empirical,id6738656024,5,26,0.1031,0.1178,12.46,-12.46
empirical,id6738656024,5,52,0.0439,0.0482,8.89,-8.89
empirical,id6740285942,5,12,0.2131,0.2226,4.27,-4.27
empirical,id6740285942,5,26,0.1048,0.1089,3.75,-3.75
empirical,id6740285942,5,52,0.0449,0.0491,8.49,-8.49
empirical,id6740338198,5,12,0.2205,0.2286,3.53,-3.53
empirical,id6740338198,5,26,0.1101,0.1138,3.25,-3.25
empirical,id6740338198,5,52,0.048,0.0479,0.31,0.31
empirical,id6742549516,5,12,0.2228,0.2274,2.03,-2.03
empirical,id6742549516,5,26,0.1117,0.1151,2.9,-2.9
empirical,id6742549516,5,52,0.049,0.0513,4.42,-4.42
empirical,id6743124943,5,12,0.2147,0.2088,2.82,2.82
empirical,id6743124943,5,26,0.106,0.103,2.84,2.84
empirical,id6743124943,5,52,0.0456,0.0264,72.54,72.54
empirical,id6743130633,5,12,0.1933,0.2098,7.86,-7.86
empirical,id6743130633,5,26,0.0912,0.1037,12.11,-12.11
empirical,id6743130633,5,52,0.0372,0.0447,16.82,-16.82
empirical,id6743133841,5,12,0.2211,0.2332,5.2,-5.2
empirical,id6743133841,5,26,0.1105,0.112,1.32,-1.32
empirical,id6743133841,5,52,0.0483,0.0451,7.06,7.06
empirical,id6744300418,5,12,0.2292,0.2349,2.44,-2.44
empirical,id6744300418,5,26,0.1163,0.1024,13.57,13.57
empirical,id6744300418,5,52,0.0517,0.0191,170.71,170.71
empirical,id6744782145,5,12,0.1872,0.1923,2.65,-2.65
empirical,id6744782145,5,26,0.0871,0.1015,14.2,-14.2
empirical,id6746098146,5,12,0.1872,0.1836,2.0,2.0
empirical,id6746098146,5,26,0.0871,0.0773,12.67,12.67
empirical,id6746759743,5,12,0.1917,0.1888,1.54,1.54
empirical,id6746759743,5,26,0.0901,0.1024,11.97,-11.97
empirical,id6747645424,5,12,0.1771,0.1961,9.71,-9.71
empirical,id6747645424,5,26,0.0805,0.1009,20.22,-20.22
empirical,id6747979383,5,12,0.2221,0.1955,13.59,13.59
empirical,id6747979383,5,26,0.1112,0.0311,257.44,257.44
empirical,id6748954100,5,12,0.2057,0.2058,0.02,-0.02
empirical,id6748954100,5,26,0.0997,0.0567,75.88,75.88
empirical,id6751760495,5,12,0.1769,0.1828,3.24,-3.24
empirical,id6751760495,5,26,0.0804,0.0856,6.13,-6.13
empirical,id6751956241,5,12,0.1759,0.1642,7.12,7.12
empirical,id6751956241,5,26,0.0797,0.0481,65.69,65.69
empirical,id6754024745,5,12,0.2261,0.2099,7.72,7.72
empirical,id6754024745,5,26,0.1141,0.0874,30.46,30.46
empirical,id6756071194,5,12,0.2221,0.1995,11.3,11.3
empirical,id6756927091,5,12,0.1318,0.2273,42.0,-42.0
empirical,id6756975937,5,12,0.1693,0.1792,5.54,-5.54
empirical,id6757916413,5,12,0.2089,0.209,0.05,-0.05
empirical,id6758091957,5,12,0.0879,0.1282,31.47,-31.47
empirical,id6758389804,5,12,0.1829,0.1919,4.72,-4.72
empirical,id6759177171,5,12,0.1201,0.087,38.09,38.09
empirical,id6759972130,5,12,0.2184,0.1745,25.18,25.18
empirical,id6469790837,6,12,0.2563,0.2658,3.58,-3.58
empirical,id6469790837,6,26,0.1366,0.1474,7.3,-7.3
empirical,id6469790837,6,52,0.0644,0.0757,14.91,-14.91
empirical,id6473738977,6,12,0.233,0.2328,0.1,0.1
empirical,id6473738977,6,26,0.1191,0.1205,1.1,-1.1
empirical,id6473738977,6,52,0.0535,0.0584,8.43,-8.43
empirical,id6475044152,6,12,0.1981,0.1968,0.65,0.65
empirical,id6475044152,6,26,0.0944,0.0969,2.54,-2.54
empirical,id6475044152,6,52,0.039,0.0464,16.04,-16.04
empirical,id6479984811,6,12,0.2747,0.2803,1.98,-1.98
empirical,id6479984811,6,26,0.1509,0.152,0.67,-0.67
empirical,id6479984811,6,52,0.0737,0.0823,10.41,-10.41
empirical,id6503345402,6,12,0.2445,0.2451,0.27,-0.27
empirical,id6503345402,6,26,0.1276,0.1268,0.7,0.7
empirical,id6503345402,6,52,0.0587,0.057,3.07,3.07
empirical,id6677033712,6,12,0.208,0.2153,3.4,-3.4
empirical,id6677033712,6,26,0.1012,0.104,2.65,-2.65
empirical,id6677033712,6,52,0.0428,0.0445,3.62,-3.62
empirical,id6720756581,6,12,0.1858,0.1985,6.41,-6.41
empirical,id6720756581,6,26,0.0862,0.1025,15.96,-15.96
empirical,id6720756581,6,52,0.0345,0.0384,10.18,-10.18
empirical,id6733246935,6,12,0.2457,0.247,0.52,-0.52
empirical,id6733246935,6,26,0.1286,0.1295,0.75,-0.75
empirical,id6733246935,6,52,0.0593,0.0593,0.1,-0.1
empirical,id6736480661,6,12,0.2312,0.2275,1.61,1.61
empirical,id6736480661,6,26,0.1178,0.113,4.26,4.26
empirical,id6736480661,6,52,0.0526,0.0468,12.52,12.52
empirical,id6736709602,6,12,0.2118,0.2093,1.19,1.19
empirical,id6736709602,6,26,0.1039,0.1063,2.29,-2.29
empirical,id6738656024,6,12,0.2156,0.2199,1.93,-1.93
empirical,id6738656024,6,26,0.1066,0.1178,9.5,-9.5
empirical,id6738656024,6,52,0.046,0.0482,4.68,-4.68
empirical,id6740285942,6,12,0.2108,0.2226,5.29,-5.29
empirical,id6740285942,6,26,0.1032,0.1089,5.22,-5.22
empirical,id6740285942,6,52,0.044,0.0491,10.37,-10.37
empirical,id6740338198,6,12,0.2175,0.2286,4.85,-4.85
empirical,id6740338198,6,26,0.108,0.1138,5.14,-5.14
empirical,id6740338198,6,52,0.0468,0.0479,2.34,-2.34
empirical,id6742549516,6,12,0.2215,0.2274,2.6,-2.6
empirical,id6742549516,6,26,0.1108,0.1151,3.71,-3.71
empirical,id6742549516,6,52,0.0484,0.0513,5.51,-5.51
empirical,id6743124943,6,12,0.2126,0.2088,1.81,1.81
empirical,id6743124943,6,26,0.1045,0.103,1.4,1.4
empirical,id6743124943,6,52,0.0447,0.0264,69.27,69.27
empirical,id6743130633,6,12,0.1964,0.2098,6.37,-6.37
empirical,id6743130633,6,26,0.0933,0.1037,10.07,-10.07
empirical,id6743130633,6,52,0.0384,0.0447,14.2,-14.2
empirical,id6743133841,6,12,0.2184,0.2332,6.35,-6.35
empirical,id6743133841,6,26,0.1086,0.112,3.03,-3.03
empirical,id6743133841,6,52,0.0471,0.0451,4.56,4.56
empirical,id6744300418,6,12,0.2305,0.2349,1.9,-1.9
empirical,id6744300418,6,26,0.1173,0.1024,14.48,14.48
empirical,id6744300418,6,52,0.0523,0.0191,173.68,173.68
empirical,id6744782145,6,12,0.1851,0.1923,3.75,-3.75
empirical,id6744782145,6,26,0.0857,0.1015,15.58,-15.58
empirical,id6746098146,6,12,0.1839,0.1836,0.17,0.17
empirical,id6746098146,6,26,0.0849,0.0773,9.8,9.8
empirical,id6746759743,6,12,0.1914,0.1888,1.41,1.41
empirical,id6746759743,6,26,0.0899,0.1024,12.13,-12.13
empirical,id6747645424,6,12,0.179,0.1961,8.72,-8.72
empirical,id6747645424,6,26,0.0817,0.1009,18.97,-18.97
empirical,id6747979383,6,12,0.2185,0.1955,11.75,11.75
empirical,id6747979383,6,26,0.1086,0.0311,249.18,249.18
empirical,id6748954100,6,12,0.2009,0.2058,2.37,-2.37
empirical,id6748954100,6,26,0.0963,0.0567,69.99,69.99
empirical,id6751760495,6,12,0.1794,0.1828,1.87,-1.87
empirical,id6751760495,6,26,0.082,0.0856,4.23,-4.23
empirical,id6751956241,6,12,0.1777,0.1642,8.22,8.22
empirical,id6751956241,6,26,0.0809,0.0481,68.13,68.13
empirical,id6754024745,6,12,0.2239,0.2099,6.7,6.7
empirical,id6754024745,6,26,0.1125,0.0874,28.7,28.7
empirical,id6756071194,6,12,0.2192,0.1995,9.85,9.85
empirical,id6756927091,6,12,0.1276,0.2273,43.86,-43.86
empirical,id6756975937,6,12,0.1684,0.1792,6.02,-6.02
empirical,id6757916413,6,12,0.2111,0.209,0.99,0.99
empirical,id6758091957,6,12,0.0836,0.1282,34.79,-34.79
empirical,id6758389804,6,12,0.1865,0.1919,2.81,-2.81
empirical,id6759177171,6,12,0.111,0.087,27.65,27.65
empirical,id6759972130,6,12,0.2082,0.1745,19.28,19.28
empirical,id6469790837,7,12,0.2571,0.2658,3.3,-3.3
empirical,id6469790837,7,26,0.1372,0.1474,6.91,-6.91
empirical,id6469790837,7,52,0.0648,0.0757,14.42,-14.42
empirical,id6473738977,7,12,0.2297,0.2328,1.33,-1.33
empirical,id6473738977,7,26,0.1167,0.1205,3.12,-3.12
empirical,id6473738977,7,52,0.052,0.0584,10.96,-10.96
empirical,id6475044152,7,12,0.1946,0.1968,1.1,-1.1
empirical,id6475044152,7,26,0.0921,0.0969,4.94,-4.94
empirical,id6475044152,7,52,0.0377,0.0464,18.82,-18.82
empirical,id6479984811,7,12,0.2799,0.2803,0.13,-0.13
empirical,id6479984811,7,26,0.155,0.152,2.04,2.04
empirical,id6479984811,7,52,0.0765,0.0823,7.07,-7.07
empirical,id6503345402,7,12,0.2426,0.2451,1.03,-1.03
empirical,id6503345402,7,26,0.1262,0.1268,0.4,-0.4
empirical,id6503345402,7,52,0.0578,0.057,1.54,1.54
empirical,id6677033712,7,12,0.2106,0.2153,2.17,-2.17
empirical,id6677033712,7,26,0.1031,0.104,0.87,-0.87
empirical,id6677033712,7,52,0.0439,0.0445,1.23,-1.23
empirical,id6720756581,7,12,0.1877,0.1985,5.46,-5.46
empirical,id6720756581,7,26,0.0874,0.1025,14.75,-14.75
empirical,id6720756581,7,52,0.0351,0.0384,8.42,-8.42
empirical,id6733246935,7,12,0.2417,0.247,2.13,-2.13
empirical,id6733246935,7,26,0.1256,0.1295,3.05,-3.05
empirical,id6733246935,7,52,0.0574,0.0593,3.24,-3.24
empirical,id6736480661,7,12,0.2278,0.2275,0.12,0.12
empirical,id6736480661,7,26,0.1153,0.113,2.06,2.06
empirical,id6736480661,7,52,0.0511,0.0468,9.32,9.32
empirical,id6736709602,7,12,0.2088,0.2093,0.24,-0.24
empirical,id6736709602,7,26,0.1018,0.1063,4.25,-4.25
empirical,id6738656024,7,12,0.2142,0.2199,2.58,-2.58
empirical,id6738656024,7,26,0.1056,0.1178,10.36,-10.36
empirical,id6738656024,7,52,0.0454,0.0482,5.91,-5.91
empirical,id6740285942,7,12,0.2072,0.2226,6.93,-6.93
empirical,id6740285942,7,26,0.1007,0.1089,7.55,-7.55
empirical,id6740285942,7,52,0.0425,0.0491,13.35,-13.35
empirical,id6740338198,7,12,0.2148,0.2286,6.04,-6.04
empirical,id6740338198,7,26,0.106,0.1138,6.84,-6.84
empirical,id6740338198,7,52,0.0456,0.0479,4.71,-4.71
empirical,id6742549516,7,12,0.2204,0.2274,3.11,-3.11
empirical,id6742549516,7,26,0.11,0.1151,4.42,-4.42
empirical,id6742549516,7,52,0.0479,0.0513,6.46,-6.46
empirical,id6743124943,7,12,0.2105,0.2088,0.8,0.8
empirical,id6743124943,7,26,0.103,0.103,0.04,-0.04
empirical,id6743124943,7,52,0.0439,0.0264,66.02,66.02
empirical,id6743130633,7,12,0.1971,0.2098,6.03,-6.03
empirical,id6743130633,7,26,0.0938,0.1037,9.6,-9.6
empirical,id6743130633,7,52,0.0386,0.0447,13.6,-13.6
empirical,id6743133841,7,12,0.2184,0.2332,6.36,-6.36
empirical,id6743133841,7,26,0.1086,0.112,3.05,-3.05
empirical,id6743133841,7,52,0.0471,0.0451,4.53,4.53
empirical,id6744300418,7,12,0.2309,0.2349,1.7,-1.7
empirical,id6744300418,7,26,0.1176,0.1024,14.81,14.81
empirical,id6744300418,7,52,0.0525,0.0191,174.75,174.75
empirical,id6744782145,7,12,0.1813,0.1923,5.72,-5.72
empirical,id6744782145,7,26,0.0832,0.1015,18.03,-18.03
empirical,id6746098146,7,12,0.1808,0.1836,1.51,-1.51
empirical,id6746098146,7,26,0.0829,0.0773,7.18,7.18
empirical,id6746759743,7,12,0.192,0.1888,1.7,1.7
empirical,id6746759743,7,26,0.0903,0.1024,11.77,-11.77
empirical,id6747645424,7,12,0.1791,0.1961,8.68,-8.68
empirical,id6747645424,7,26,0.0818,0.1009,18.92,-18.92
empirical,id6747979383,7,12,0.2188,0.1955,11.93,11.93
empirical,id6747979383,7,26,0.1089,0.0311,250.0,250.0
empirical,id6748954100,7,12,0.2019,0.2058,1.9,-1.9
empirical,id6748954100,7,26,0.097,0.0567,71.17,71.17
empirical,id6751760495,7,12,0.1804,0.1828,1.32,-1.32
empirical,id6751760495,7,26,0.0827,0.0856,3.46,-3.46
empirical,id6751956241,7,12,0.174,0.1642,6.0,6.0
empirical,id6751956241,7,26,0.0785,0.0481,63.25,63.25
empirical,id6754024745,7,12,0.2187,0.2099,4.22,4.22
empirical,id6754024745,7,26,0.1088,0.0874,24.43,24.43
empirical,id6756071194,7,12,0.2179,0.1995,9.23,9.23
empirical,id6756927091,7,12,0.1279,0.2273,43.73,-43.73
empirical,id6756975937,7,12,0.1706,0.1792,4.79,-4.79
empirical,id6757916413,7,12,0.2133,0.209,2.04,2.04
empirical,id6758091957,7,12,0.0811,0.1282,36.73,-36.73
empirical,id6758389804,7,12,0.1853,0.1919,3.43,-3.43
empirical,id6759177171,7,12,0.1051,0.087,20.88,20.88
empirical,id6759972130,7,12,0.203,0.1745,16.35,16.35
empirical,id6469790837,8,12,0.2553,0.2658,3.97,-3.97
empirical,id6469790837,8,26,0.1358,0.1474,7.83,-7.83
empirical,id6469790837,8,52,0.0639,0.0757,15.57,-15.57
empirical,id6473738977,8,12,0.2264,0.2328,2.74,-2.74
empirical,id6473738977,8,26,0.1143,0.1205,5.1,-5.1
empirical,id6473738977,8,52,0.0505,0.0584,13.42,-13.42
empirical,id6475044152,8,12,0.1945,0.1968,1.14,-1.14
empirical,id6475044152,8,26,0.092,0.0969,5.0,-5.0
empirical,id6475044152,8,52,0.0377,0.0464,18.9,-18.9
empirical,id6479984811,8,12,0.2746,0.2803,2.02,-2.02
empirical,id6479984811,8,26,0.1508,0.152,0.73,-0.73
empirical,id6479984811,8,52,0.0737,0.0823,10.49,-10.49
empirical,id6503345402,8,12,0.2377,0.2451,3.03,-3.03
empirical,id6503345402,8,26,0.1226,0.1268,3.27,-3.27
empirical,id6503345402,8,52,0.0556,0.057,2.42,-2.42
empirical,id6677033712,8,12,0.2108,0.2153,2.09,-2.09
empirical,id6677033712,8,26,0.1032,0.104,0.76,-0.76
empirical,id6677033712,8,52,0.044,0.0445,1.08,-1.08
empirical,id6720756581,8,12,0.1893,0.1985,4.65,-4.65
empirical,id6720756581,8,26,0.0885,0.1025,13.7,-13.7
empirical,id6720756581,8,52,0.0357,0.0384,6.89,-6.89
empirical,id6733246935,8,12,0.2393,0.247,3.12,-3.12
empirical,id6733246935,8,26,0.1238,0.1295,4.45,-4.45
empirical,id6733246935,8,52,0.0563,0.0593,5.13,-5.13
empirical,id6736480661,8,12,0.2228,0.2275,2.07,-2.07
empirical,id6736480661,8,26,0.1117,0.113,1.11,-1.11
empirical,id6736480661,8,52,0.049,0.0468,4.73,4.73
empirical,id6736709602,8,12,0.2039,0.2093,2.58,-2.58
empirical,id6736709602,8,26,0.0984,0.1063,7.44,-7.44
empirical,id6738656024,8,12,0.214,0.2199,2.66,-2.66
empirical,id6738656024,8,26,0.1055,0.1178,10.47,-10.47
empirical,id6738656024,8,52,0.0453,0.0482,6.07,-6.07
empirical,id6740285942,8,12,0.208,0.2226,6.53,-6.53
empirical,id6740285942,8,26,0.1013,0.1089,6.99,-6.99
empirical,id6740285942,8,52,0.0429,0.0491,12.64,-12.64
empirical,id6740338198,8,12,0.2164,0.2286,5.35,-5.35
empirical,id6740338198,8,26,0.1071,0.1138,5.86,-5.86
empirical,id6740338198,8,52,0.0463,0.0479,3.34,-3.34
empirical,id6742549516,8,12,0.2238,0.2274,1.6,-1.6
empirical,id6742549516,8,26,0.1124,0.1151,2.28,-2.28
empirical,id6742549516,8,52,0.0494,0.0513,3.6,-3.6
empirical,id6743124943,8,12,0.2116,0.2088,1.35,1.35
empirical,id6743124943,8,26,0.1038,0.103,0.75,0.75
empirical,id6743124943,8,52,0.0443,0.0264,67.8,67.8
empirical,id6743130633,8,12,0.1939,0.2098,7.56,-7.56
empirical,id6743130633,8,26,0.0916,0.1037,11.7,-11.7
empirical,id6743130633,8,52,0.0374,0.0447,16.31,-16.31
empirical,id6743133841,8,12,0.2198,0.2332,5.75,-5.75
empirical,id6743133841,8,26,0.1096,0.112,2.14,-2.14
empirical,id6743133841,8,52,0.0477,0.0451,5.86,5.86
empirical,id6744300418,8,12,0.2287,0.2349,2.67,-2.67
empirical,id6744300418,8,26,0.116,0.1024,13.2,13.2
empirical,id6744300418,8,52,0.0515,0.0191,169.51,169.51
empirical,id6744782145,8,12,0.1794,0.1923,6.67,-6.67
empirical,id6744782145,8,26,0.082,0.1015,19.2,-19.2
empirical,id6746098146,8,12,0.1778,0.1836,3.12,-3.12
empirical,id6746098146,8,26,0.081,0.0773,4.69,4.69
empirical,id6746759743,8,12,0.1929,0.1888,2.19,2.19
empirical,id6746759743,8,26,0.0909,0.1024,11.17,-11.17
empirical,id6747645424,8,12,0.1828,0.1961,6.8,-6.8
empirical,id6747645424,8,26,0.0842,0.1009,16.53,-16.53
empirical,id6747979383,8,12,0.2171,0.1955,11.05,11.05
empirical,id6747979383,8,26,0.1077,0.0311,246.08,246.08
empirical,id6748954100,8,12,0.1996,0.2058,3.02,-3.02
empirical,id6748954100,8,26,0.0954,0.0567,68.38,68.38
empirical,id6751760495,8,12,0.1835,0.1828,0.37,0.37
empirical,id6751760495,8,26,0.0847,0.0856,1.1,-1.1
empirical,id6751956241,8,12,0.1717,0.1642,4.58,4.58
empirical,id6751956241,8,26,0.077,0.0481,60.14,60.14
empirical,id6754024745,8,12,0.212,0.2099,1.0,1.0
empirical,id6754024745,8,26,0.104,0.0874,18.97,18.97
empirical,id6756071194,8,12,0.214,0.1995,7.25,7.25
empirical,id6756927091,8,12,0.1241,0.2273,45.41,-45.41
empirical,id6756975937,8,12,0.1706,0.1792,4.79,-4.79
empirical,id6757916413,8,12,0.2166,0.209,3.66,3.66
empirical,id6758091957,8,12,0.0816,0.1282,36.33,-36.33
empirical,id6758389804,8,12,0.1891,0.1919,1.48,-1.48
empirical,id6759177171,8,12,0.1012,0.087,16.41,16.41
empirical,id6759972130,8,12,0.1988,0.1745,13.93,13.93
logreg,id6469790837,1,12,0.2411,0.2658,9.31,-9.31
logreg,id6469790837,1,26,0.1358,0.1474,7.82,-7.82
logreg,id6469790837,1,52,0.0746,0.0757,1.44,-1.44
logreg,id6473738977,1,12,0.2364,0.2328,1.53,1.53
logreg,id6473738977,1,26,0.1161,0.1205,3.62,-3.62
logreg,id6473738977,1,52,0.0416,0.0584,28.77,-28.77
logreg,id6475044152,1,12,0.1994,0.1968,1.31,1.31
logreg,id6475044152,1,26,0.1119,0.0969,15.55,15.55
logreg,id6475044152,1,52,0.06,0.0464,29.32,29.32
logreg,id6479984811,1,12,0.2508,0.2803,10.51,-10.51
logreg,id6479984811,1,26,0.1454,0.152,4.34,-4.34
logreg,id6479984811,1,52,0.0838,0.0823,1.8,1.8
logreg,id6503345402,1,12,0.2619,0.2451,6.84,6.84
logreg,id6503345402,1,26,0.1427,0.1268,12.6,12.6
logreg,id6503345402,1,52,0.0594,0.057,4.32,4.32
logreg,id6677033712,1,12,0.2252,0.2153,4.6,4.6
logreg,id6677033712,1,26,0.1246,0.104,19.87,19.87
logreg,id6677033712,1,52,0.0563,0.0445,26.7,26.7
logreg,id6720756581,1,12,0.1864,0.1985,6.08,-6.08
logreg,id6720756581,1,26,0.0832,0.1025,18.85,-18.85
logreg,id6720756581,1,52,0.0292,0.0384,23.75,-23.75
logreg,id6733246935,1,12,0.2422,0.247,1.94,-1.94
logreg,id6733246935,1,26,0.1421,0.1295,9.68,9.68
logreg,id6733246935,1,52,0.072,0.0593,21.44,21.44
logreg,id6736480661,1,12,0.2231,0.2275,1.96,-1.96
logreg,id6736480661,1,26,0.1026,0.113,9.19,-9.19
logreg,id6736480661,1,52,0.0337,0.0468,27.96,-27.96
logreg,id6736709602,1,12,0.2033,0.2093,2.87,-2.87
logreg,id6736709602,1,26,0.0848,0.1063,20.2,-20.2
logreg,id6738656024,1,12,0.2267,0.2199,3.09,3.09
logreg,id6738656024,1,26,0.1289,0.1178,9.43,9.43
logreg,id6738656024,1,52,0.0601,0.0482,24.56,24.56
logreg,id6740285942,1,12,0.2134,0.2226,4.15,-4.15
logreg,id6740285942,1,26,0.0911,0.1089,16.37,-16.37
logreg,id6740285942,1,52,0.0257,0.0491,47.68,-47.68
logreg,id6740338198,1,12,0.248,0.2286,8.48,8.48
logreg,id6740338198,1,26,0.129,0.1138,13.37,13.37
logreg,id6740338198,1,52,0.0509,0.0479,6.24,6.24
logreg,id6742549516,1,12,0.2494,0.2274,9.65,9.65
logreg,id6742549516,1,26,0.1202,0.1151,4.47,4.47
logreg,id6742549516,1,52,0.0408,0.0513,20.36,-20.36
logreg,id6743124943,1,12,0.2157,0.2088,3.3,3.3
logreg,id6743124943,1,26,0.0926,0.103,10.14,-10.14
logreg,id6743124943,1,52,0.0263,0.0264,0.33,-0.33
logreg,id6743130633,1,12,0.1916,0.2098,8.65,-8.65
logreg,id6743130633,1,26,0.0846,0.1037,18.48,-18.48
logreg,id6743130633,1,52,0.0253,0.0447,43.32,-43.32
logreg,id6743133841,1,12,0.2199,0.2332,5.71,-5.71
logreg,id6743133841,1,26,0.0957,0.112,14.52,-14.52
logreg,id6743133841,1,52,0.0277,0.0451,38.58,-38.58
logreg,id6744300418,1,12,0.2203,0.2349,6.2,-6.2
logreg,id6744300418,1,26,0.095,0.1024,7.24,-7.24
logreg,id6744300418,1,52,0.0272,0.0191,42.35,42.35
logreg,id6744782145,1,12,0.1967,0.1923,2.3,2.3
logreg,id6744782145,1,26,0.0792,0.1015,22.01,-22.01
logreg,id6746098146,1,12,0.1872,0.1836,1.97,1.97
logreg,id6746098146,1,26,0.0747,0.0773,3.44,-3.44
logreg,id6746759743,1,12,0.2068,0.1888,9.55,9.55
logreg,id6746759743,1,26,0.0883,0.1024,13.7,-13.7
logreg,id6747645424,1,12,0.1861,0.1961,5.1,-5.1
logreg,id6747645424,1,26,0.0745,0.1009,26.12,-26.12
logreg,id6747979383,1,12,0.2074,0.1955,6.08,6.08
logreg,id6747979383,1,26,0.0887,0.0311,185.22,185.22
logreg,id6748954100,1,12,0.2,0.2058,2.82,-2.82
logreg,id6748954100,1,26,0.0842,0.0567,48.62,48.62
logreg,id6751760495,1,12,0.181,0.1828,0.99,-0.99
logreg,id6751760495,1,26,0.0728,0.0856,14.96,-14.96
logreg,id6751956241,1,12,0.1611,0.1642,1.9,-1.9
logreg,id6751956241,1,26,0.0613,0.0481,27.38,27.38
logreg,id6754024745,1,12,0.21,0.2099,0.06,0.06
logreg,id6754024745,1,26,0.0908,0.0874,3.89,3.89
logreg,id6756071194,1,12,0.1846,0.1995,7.45,-7.45
logreg,id6756927091,1,12,0.1703,0.2273,25.07,-25.07
logreg,id6756975937,1,12,0.1729,0.1792,3.54,-3.54
logreg,id6757916413,1,12,0.1928,0.209,7.75,-7.75
logreg,id6758091957,1,12,0.132,0.1282,2.97,2.97
logreg,id6758389804,1,12,0.1807,0.1919,5.83,-5.83
logreg,id6759177171,1,12,0.1377,0.087,58.36,58.36
logreg,id6759972130,1,12,0.1883,0.1745,7.9,7.9
logreg,id6469790837,2,12,0.2514,0.2658,5.45,-5.45
logreg,id6469790837,2,26,0.1436,0.1474,2.54,-2.54
logreg,id6469790837,2,52,0.0789,0.0757,4.29,4.29
logreg,id6473738977,2,12,0.2393,0.2328,2.8,2.8
logreg,id6473738977,2,26,0.1185,0.1205,1.63,-1.63
logreg,id6473738977,2,52,0.0429,0.0584,26.47,-26.47
logreg,id6475044152,2,12,0.2077,0.1968,5.54,5.54
logreg,id6475044152,2,26,0.1177,0.0969,21.51,21.51
logreg,id6475044152,2,52,0.0637,0.0464,37.28,37.28
logreg,id6479984811,2,12,0.2646,0.2803,5.6,-5.6
logreg,id6479984811,2,26,0.1558,0.152,2.53,2.53
logreg,id6479984811,2,52,0.0897,0.0823,9.02,9.02
logreg,id6503345402,2,12,0.2694,0.2451,9.87,9.87
logreg,id6503345402,2,26,0.1493,0.1268,17.8,17.8
logreg,id6503345402,2,52,0.0638,0.057,12.02,12.02
logreg,id6677033712,2,12,0.23,0.2153,6.84,6.84
logreg,id6677033712,2,26,0.1286,0.104,23.66,23.66
logreg,id6677033712,2,52,0.059,0.0445,32.72,32.72
logreg,id6720756581,2,12,0.1808,0.1985,8.94,-8.94
logreg,id6720756581,2,26,0.0794,0.1025,22.58,-22.58
logreg,id6720756581,2,52,0.0275,0.0384,28.4,-28.4
logreg,id6733246935,2,12,0.2501,0.247,1.29,1.29
logreg,id6733246935,2,26,0.1485,0.1295,14.68,14.68
logreg,id6733246935,2,52,0.0768,0.0593,29.42,29.42
logreg,id6736480661,2,12,0.2289,0.2275,0.61,0.61
logreg,id6736480661,2,26,0.1071,0.113,5.24,-5.24
logreg,id6736480661,2,52,0.036,0.0468,23.11,-23.11
logreg,id6736709602,2,12,0.2045,0.2093,2.31,-2.31
logreg,id6736709602,2,26,0.0857,0.1063,19.42,-19.42
logreg,id6738656024,2,12,0.2384,0.2199,8.42,8.42
logreg,id6738656024,2,26,0.1386,0.1178,17.65,17.65
logreg,id6738656024,2,52,0.0671,0.0482,39.06,39.06
logreg,id6740285942,2,12,0.2173,0.2226,2.39,-2.39
logreg,id6740285942,2,26,0.0939,0.1089,13.76,-13.76
logreg,id6740285942,2,52,0.027,0.0491,45.03,-45.03
logreg,id6740338198,2,12,0.2501,0.2286,9.4,9.4
logreg,id6740338198,2,26,0.1308,0.1138,14.91,14.91
logreg,id6740338198,2,52,0.0519,0.0479,8.48,8.48
logreg,id6742549516,2,12,0.2363,0.2274,3.9,3.9
logreg,id6742549516,2,26,0.1098,0.1151,4.61,-4.61
logreg,id6742549516,2,52,0.0353,0.0513,31.13,-31.13
logreg,id6743124943,2,12,0.2164,0.2088,3.64,3.64
logreg,id6743124943,2,26,0.0931,0.103,9.63,-9.63
logreg,id6743124943,2,52,0.0266,0.0264,0.56,0.56
logreg,id6743130633,2,12,0.198,0.2098,5.6,-5.6
logreg,id6743130633,2,26,0.0894,0.1037,13.84,-13.84
logreg,id6743130633,2,52,0.0277,0.0447,38.12,-38.12
logreg,id6743133841,2,12,0.2309,0.2332,0.99,-0.99
logreg,id6743133841,2,26,0.104,0.112,7.12,-7.12
logreg,id6743133841,2,52,0.0316,0.0451,29.79,-29.79
logreg,id6744300418,2,12,0.2239,0.2349,4.71,-4.71
logreg,id6744300418,2,26,0.0976,0.1024,4.72,-4.72
logreg,id6744300418,2,52,0.0284,0.0191,48.62,48.62
logreg,id6744782145,2,12,0.188,0.1923,2.2,-2.2
logreg,id6744782145,2,26,0.0733,0.1015,27.75,-27.75
logreg,id6746098146,2,12,0.1887,0.1836,2.8,2.8
logreg,id6746098146,2,26,0.0757,0.0773,2.11,-2.11
logreg,id6746759743,2,12,0.2014,0.1888,6.68,6.68
logreg,id6746759743,2,26,0.0844,0.1024,17.5,-17.5
logreg,id6747645424,2,12,0.174,0.1961,11.25,-11.25
logreg,id6747645424,2,26,0.0665,0.1009,34.08,-34.08
logreg,id6747979383,2,12,0.2046,0.1955,4.63,4.63
logreg,id6747979383,2,26,0.0867,0.0311,178.65,178.65
logreg,id6748954100,2,12,0.2032,0.2058,1.27,-1.27
logreg,id6748954100,2,26,0.0865,0.0567,52.68,52.68
logreg,id6751760495,2,12,0.1805,0.1828,1.29,-1.29
logreg,id6751760495,2,26,0.0724,0.0856,15.39,-15.39
logreg,id6751956241,2,12,0.1592,0.1642,3.03,-3.03
logreg,id6751956241,2,26,0.0601,0.0481,24.9,24.9
logreg,id6754024745,2,12,0.2124,0.2099,1.21,1.21
logreg,id6754024745,2,26,0.0926,0.0874,5.91,5.91
logreg,id6756071194,2,12,0.1866,0.1995,6.48,-6.48
logreg,id6756927091,2,12,0.1581,0.2273,30.43,-30.43
logreg,id6756975937,2,12,0.1602,0.1792,10.6,-10.6
logreg,id6757916413,2,12,0.1903,0.209,8.97,-8.97
logreg,id6758091957,2,12,0.1226,0.1282,4.37,-4.37
logreg,id6758389804,2,12,0.1705,0.1919,11.17,-11.17
logreg,id6759177171,2,12,0.1317,0.087,51.44,51.44
logreg,id6759972130,2,12,0.1944,0.1745,11.4,11.4
logreg,id6469790837,3,12,0.2602,0.2658,2.14,-2.14
logreg,id6469790837,3,26,0.1505,0.1474,2.12,2.12
logreg,id6469790837,3,52,0.0828,0.0757,9.49,9.49
logreg,id6473738977,3,12,0.2473,0.2328,6.23,6.23
logreg,id6473738977,3,26,0.1251,0.1205,3.86,3.86
logreg,id6473738977,3,52,0.0467,0.0584,20.01,-20.01
logreg,id6475044152,3,12,0.2083,0.1968,5.85,5.85
logreg,id6475044152,3,26,0.1181,0.0969,21.95,21.95
logreg,id6475044152,3,52,0.064,0.0464,37.87,37.87
logreg,id6479984811,3,12,0.2707,0.2803,3.43,-3.43
logreg,id6479984811,3,26,0.1606,0.152,5.68,5.68
logreg,id6479984811,3,52,0.0925,0.0823,12.41,12.41
logreg,id6503345402,3,12,0.2682,0.2451,9.4,9.4
logreg,id6503345402,3,26,0.1483,0.1268,16.98,16.98
logreg,id6503345402,3,52,0.0631,0.057,10.8,10.8
logreg,id6677033712,3,12,0.2267,0.2153,5.31,5.31
logreg,id6677033712,3,26,0.1259,0.104,21.07,21.07
logreg,id6677033712,3,52,0.0572,0.0445,28.6,28.6
logreg,id6720756581,3,12,0.1785,0.1985,10.09,-10.09
logreg,id6720756581,3,26,0.0779,0.1025,24.05,-24.05
logreg,id6720756581,3,52,0.0268,0.0384,30.21,-30.21
logreg,id6733246935,3,12,0.2533,0.247,2.56,2.56
logreg,id6733246935,3,26,0.1511,0.1295,16.66,16.66
logreg,id6733246935,3,52,0.0787,0.0593,32.62,32.62
logreg,id6736480661,3,12,0.2332,0.2275,2.51,2.51
logreg,id6736480661,3,26,0.1104,0.113,2.27,-2.27
logreg,id6736480661,3,52,0.0377,0.0468,19.37,-19.37
logreg,id6736709602,3,12,0.2038,0.2093,2.64,-2.64
logreg,id6736709602,3,26,0.0852,0.1063,19.89,-19.89
logreg,id6738656024,3,12,0.2376,0.2199,8.07,8.07
logreg,id6738656024,3,26,0.138,0.1178,17.11,17.11
logreg,id6738656024,3,52,0.0666,0.0482,38.1,38.1
logreg,id6740285942,3,12,0.2175,0.2226,2.27,-2.27
logreg,id6740285942,3,26,0.0941,0.1089,13.57,-13.57
logreg,id6740285942,3,52,0.0271,0.0491,44.83,-44.83
logreg,id6740338198,3,12,0.2431,0.2286,6.32,6.32
logreg,id6740338198,3,26,0.1249,0.1138,9.77,9.77
logreg,id6740338198,3,52,0.0484,0.0479,1.05,1.05
logreg,id6742549516,3,12,0.2275,0.2274,0.02,0.02
logreg,id6742549516,3,26,0.103,0.1151,10.53,-10.53
logreg,id6742549516,3,52,0.0319,0.0513,37.83,-37.83
logreg,id6743124943,3,12,0.2076,0.2088,0.57,-0.57
logreg,id6743124943,3,26,0.0868,0.103,15.78,-15.78
logreg,id6743124943,3,52,0.0237,0.0264,10.18,-10.18
logreg,id6743130633,3,12,0.2005,0.2098,4.44,-4.44
logreg,id6743130633,3,26,0.0912,0.1037,12.06,-12.06
logreg,id6743130633,3,52,0.0286,0.0447,36.07,-36.07
logreg,id6743133841,3,12,0.2218,0.2332,4.91,-4.91
logreg,id6743133841,3,26,0.0971,0.112,13.3,-13.3
logreg,id6743133841,3,52,0.0283,0.0451,37.15,-37.15
logreg,id6744300418,3,12,0.2202,0.2349,6.26,-6.26
logreg,id6744300418,3,26,0.0949,0.1024,7.34,-7.34
logreg,id6744300418,3,52,0.0272,0.0191,42.13,42.13
logreg,id6744782145,3,12,0.1841,0.1923,4.24,-4.24
logreg,id6744782145,3,26,0.0707,0.1015,30.3,-30.3
logreg,id6746098146,3,12,0.1903,0.1836,3.67,3.67
logreg,id6746098146,3,26,0.0768,0.0773,0.69,-0.69
logreg,id6746759743,3,12,0.1985,0.1888,5.15,5.15
logreg,id6746759743,3,26,0.0824,0.1024,19.49,-19.49
logreg,id6747645424,3,12,0.1718,0.1961,12.38,-12.38
logreg,id6747645424,3,26,0.0651,0.1009,35.5,-35.5
logreg,id6747979383,3,12,0.2116,0.1955,8.22,8.22
logreg,id6747979383,3,26,0.0918,0.0311,195.03,195.03
logreg,id6748954100,3,12,0.2039,0.2058,0.89,-0.89
logreg,id6748954100,3,26,0.0871,0.0567,53.66,53.66
logreg,id6751760495,3,12,0.1794,0.1828,1.86,-1.86
logreg,id6751760495,3,26,0.0717,0.0856,16.2,-16.2
logreg,id6751956241,3,12,0.1604,0.1642,2.31,-2.31
logreg,id6751956241,3,26,0.0608,0.0481,26.48,26.48
logreg,id6754024745,3,12,0.2153,0.2099,2.58,2.58
logreg,id6754024745,3,26,0.0947,0.0874,8.33,8.33
logreg,id6756071194,3,12,0.1862,0.1995,6.66,-6.66
logreg,id6756927091,3,12,0.1566,0.2273,31.11,-31.11
logreg,id6756975937,3,12,0.1614,0.1792,9.96,-9.96
logreg,id6757916413,3,12,0.1946,0.209,6.89,-6.89
logreg,id6758091957,3,12,0.1192,0.1282,7.01,-7.01
logreg,id6758389804,3,12,0.1719,0.1919,10.44,-10.44
logreg,id6759177171,3,12,0.1345,0.087,54.67,54.67
logreg,id6759972130,3,12,0.196,0.1745,12.32,12.32
logreg,id6469790837,4,12,0.2659,0.2658,0.03,0.03
logreg,id6469790837,4,26,0.1551,0.1474,5.25,5.25
logreg,id6469790837,4,52,0.0855,0.0757,13.05,13.05
logreg,id6473738977,4,12,0.2512,0.2328,7.89,7.89
logreg,id6473738977,4,26,0.1284,0.1205,6.57,6.57
logreg,id6473738977,4,52,0.0486,0.0584,16.74,-16.74
logreg,id6475044152,4,12,0.2095,0.1968,6.44,6.44
logreg,id6475044152,4,26,0.119,0.0969,22.8,22.8
logreg,id6475044152,4,52,0.0645,0.0464,39.0,39.0
logreg,id6479984811,4,12,0.2739,0.2803,2.28,-2.28
logreg,id6479984811,4,26,0.1631,0.152,7.36,7.36
logreg,id6479984811,4,52,0.094,0.0823,14.23,14.23
logreg,id6503345402,4,12,0.2637,0.2451,7.58,7.58
logreg,id6503345402,4,26,0.1443,0.1268,13.86,13.86
logreg,id6503345402,4,52,0.0605,0.057,6.17,6.17
logreg,id6677033712,4,12,0.224,0.2153,4.07,4.07
logreg,id6677033712,4,26,0.1237,0.104,18.99,18.99
logreg,id6677033712,4,52,0.0557,0.0445,25.32,25.32
logreg,id6720756581,4,12,0.1836,0.1985,7.5,-7.5
logreg,id6720756581,4,26,0.0813,0.1025,20.7,-20.7
logreg,id6720756581,4,52,0.0284,0.0384,26.07,-26.07
logreg,id6733246935,4,12,0.2501,0.247,1.26,1.26
logreg,id6733246935,4,26,0.1485,0.1295,14.64,14.64
logreg,id6733246935,4,52,0.0767,0.0593,29.36,29.36
logreg,id6736480661,4,12,0.2362,0.2275,3.83,3.83
logreg,id6736480661,4,26,0.1128,0.113,0.2,-0.2
logreg,id6736480661,4,52,0.039,0.0468,16.72,-16.72
logreg,id6736709602,4,12,0.2046,0.2093,2.25,-2.25
logreg,id6736709602,4,26,0.0858,0.1063,19.34,-19.34
logreg,id6738656024,4,12,0.2305,0.2199,4.84,4.84
logreg,id6738656024,4,26,0.1321,0.1178,12.12,12.12
logreg,id6738656024,4,52,0.0623,0.0482,29.26,29.26
logreg,id6740285942,4,12,0.2125,0.2226,4.53,-4.53
logreg,id6740285942,4,26,0.0905,0.1089,16.94,-16.94
logreg,id6740285942,4,52,0.0254,0.0491,48.24,-48.24
logreg,id6740338198,4,12,0.235,0.2286,2.79,2.79
logreg,id6740338198,4,26,0.1184,0.1138,3.99,3.99
logreg,id6740338198,4,52,0.0445,0.0479,7.06,-7.06
logreg,id6742549516,4,12,0.2204,0.2274,3.08,-3.08
logreg,id6742549516,4,26,0.0976,0.1151,15.17,-15.17
logreg,id6742549516,4,52,0.0293,0.0513,42.88,-42.88
logreg,id6743124943,4,12,0.2051,0.2088,1.79,-1.79
logreg,id6743124943,4,26,0.085,0.103,17.53,-17.53
logreg,id6743124943,4,52,0.0229,0.0264,13.14,-13.14
logreg,id6743130633,4,12,0.2052,0.2098,2.17,-2.17
logreg,id6743130633,4,26,0.0949,0.1037,8.51,-8.51
logreg,id6743130633,4,52,0.0304,0.0447,31.92,-31.92
logreg,id6743133841,4,12,0.2158,0.2332,7.48,-7.48
logreg,id6743133841,4,26,0.0927,0.112,17.24,-17.24
logreg,id6743133841,4,52,0.0263,0.0451,41.69,-41.69
logreg,id6744300418,4,12,0.2199,0.2349,6.4,-6.4
logreg,id6744300418,4,26,0.0947,0.1024,7.58,-7.58
logreg,id6744300418,4,52,0.0271,0.0191,41.54,41.54
logreg,id6744782145,4,12,0.1853,0.1923,3.6,-3.6
logreg,id6744782145,4,26,0.0716,0.1015,29.5,-29.5
logreg,id6746098146,4,12,0.1836,0.1836,0.03,0.03
logreg,id6746098146,4,26,0.0723,0.0773,6.54,-6.54
logreg,id6746759743,4,12,0.1967,0.1888,4.2,4.2
logreg,id6746759743,4,26,0.0812,0.1024,20.72,-20.72
logreg,id6747645424,4,12,0.1708,0.1961,12.91,-12.91
logreg,id6747645424,4,26,0.0644,0.1009,36.16,-36.16
logreg,id6747979383,4,12,0.2113,0.1955,8.07,8.07
logreg,id6747979383,4,26,0.0916,0.0311,194.33,194.33
logreg,id6748954100,4,12,0.2034,0.2058,1.13,-1.13
logreg,id6748954100,4,26,0.0867,0.0567,53.05,53.05
logreg,id6751760495,4,12,0.1773,0.1828,3.02,-3.02
logreg,id6751760495,4,26,0.0703,0.0856,17.86,-17.86
logreg,id6751956241,4,12,0.1602,0.1642,2.43,-2.43
logreg,id6751956241,4,26,0.0607,0.0481,26.23,26.23
logreg,id6754024745,4,12,0.2239,0.2099,6.7,6.7
logreg,id6754024745,4,26,0.1012,0.0874,15.76,15.76
logreg,id6756071194,4,12,0.1901,0.1995,4.73,-4.73
logreg,id6756927091,4,12,0.1566,0.2273,31.11,-31.11
logreg,id6756975937,4,12,0.1662,0.1792,7.26,-7.26
logreg,id6757916413,4,12,0.1983,0.209,5.11,-5.11
logreg,id6758091957,4,12,0.1174,0.1282,8.43,-8.43
logreg,id6758389804,4,12,0.1722,0.1919,10.25,-10.25
logreg,id6759177171,4,12,0.1328,0.087,52.67,52.67
logreg,id6759972130,4,12,0.1974,0.1745,13.11,13.11
logreg,id6469790837,5,12,0.2677,0.2658,0.69,0.69
logreg,id6469790837,5,26,0.1565,0.1474,6.2,6.2
logreg,id6469790837,5,52,0.0864,0.0757,14.15,14.15
logreg,id6473738977,5,12,0.2504,0.2328,7.55,7.55
logreg,id6473738977,5,26,0.1277,0.1205,6.0,6.0
logreg,id6473738977,5,52,0.0482,0.0584,17.42,-17.42
logreg,id6475044152,5,12,0.2057,0.1968,4.51,4.51
logreg,id6475044152,5,26,0.1163,0.0969,20.05,20.05
logreg,id6475044152,5,52,0.0628,0.0464,35.33,35.33
logreg,id6479984811,5,12,0.2781,0.2803,0.77,-0.77
logreg,id6479984811,5,26,0.1665,0.152,9.6,9.6
logreg,id6479984811,5,52,0.0961,0.0823,16.71,16.71
logreg,id6503345402,5,12,0.2616,0.2451,6.71,6.71
logreg,id6503345402,5,26,0.1424,0.1268,12.37,12.37
logreg,id6503345402,5,52,0.0592,0.057,3.99,3.99
logreg,id6677033712,5,12,0.2223,0.2153,3.26,3.26
logreg,id6677033712,5,26,0.1223,0.104,17.62,17.62
logreg,id6677033712,5,52,0.0548,0.0445,23.17,23.17
logreg,id6720756581,5,12,0.1854,0.1985,6.61,-6.61
logreg,id6720756581,5,26,0.0825,0.1025,19.54,-19.54
logreg,id6720756581,5,52,0.0289,0.0384,24.63,-24.63
logreg,id6733246935,5,12,0.2501,0.247,1.28,1.28
logreg,id6733246935,5,26,0.1485,0.1295,14.66,14.66
logreg,id6733246935,5,52,0.0768,0.0593,29.4,29.4
logreg,id6736480661,5,12,0.234,0.2275,2.86,2.86
logreg,id6736480661,5,26,0.111,0.113,1.73,-1.73
logreg,id6736480661,5,52,0.038,0.0468,18.68,-18.68
logreg,id6736709602,5,12,0.2046,0.2093,2.23,-2.23
logreg,id6736709602,5,26,0.0858,0.1063,19.31,-19.31
logreg,id6738656024,5,12,0.2246,0.2199,2.17,2.17
logreg,id6738656024,5,26,0.1273,0.1178,8.02,8.02
logreg,id6738656024,5,52,0.0589,0.0482,22.12,22.12
logreg,id6740285942,5,12,0.2113,0.2226,5.08,-5.08
logreg,id6740285942,5,26,0.0896,0.1089,17.74,-17.74
logreg,id6740285942,5,52,0.025,0.0491,49.04,-49.04
logreg,id6740338198,5,12,0.2306,0.2286,0.86,0.86
logreg,id6740338198,5,26,0.1148,0.1138,0.87,0.87
logreg,id6740338198,5,52,0.0424,0.0479,11.35,-11.35
logreg,id6742549516,5,12,0.2215,0.2274,2.6,-2.6
logreg,id6742549516,5,26,0.0984,0.1151,14.44,-14.44
logreg,id6742549516,5,52,0.0297,0.0513,42.11,-42.11
logreg,id6743124943,5,12,0.2044,0.2088,2.13,-2.13
logreg,id6743124943,5,26,0.0845,0.103,18.01,-18.01
logreg,id6743124943,5,52,0.0227,0.0264,13.95,-13.95
logreg,id6743130633,5,12,0.2059,0.2098,1.87,-1.87
logreg,id6743130633,5,26,0.0954,0.1037,8.04,-8.04
logreg,id6743130633,5,52,0.0307,0.0447,31.36,-31.36
logreg,id6743133841,5,12,0.2138,0.2332,8.31,-8.31
logreg,id6743133841,5,26,0.0913,0.112,18.51,-18.51
logreg,id6743133841,5,52,0.0256,0.0451,43.12,-43.12
logreg,id6744300418,5,12,0.2202,0.2349,6.27,-6.27
logreg,id6744300418,5,26,0.0949,0.1024,7.36,-7.36
logreg,id6744300418,5,52,0.0272,0.0191,42.08,42.08
logreg,id6744782145,5,12,0.1824,0.1923,5.13,-5.13
logreg,id6744782145,5,26,0.0696,0.1015,31.4,-31.4
logreg,id6746098146,5,12,0.1831,0.1836,0.27,-0.27
logreg,id6746098146,5,26,0.0719,0.0773,7.02,-7.02
logreg,id6746759743,5,12,0.1986,0.1888,5.21,5.21
logreg,id6746759743,5,26,0.0825,0.1024,19.42,-19.42
logreg,id6747645424,5,12,0.1767,0.1961,9.87,-9.87
logreg,id6747645424,5,26,0.0683,0.1009,32.32,-32.32
logreg,id6747979383,5,12,0.2165,0.1955,10.73,10.73
logreg,id6747979383,5,26,0.0954,0.0311,206.73,206.73
logreg,id6748954100,5,12,0.207,0.2058,0.59,0.59
logreg,id6748954100,5,26,0.0893,0.0567,57.59,57.59
logreg,id6751760495,5,12,0.1768,0.1828,3.3,-3.3
logreg,id6751760495,5,26,0.07,0.0856,18.26,-18.26
logreg,id6751956241,5,12,0.1669,0.1642,1.68,1.68
logreg,id6751956241,5,26,0.0651,0.0481,35.37,35.37
logreg,id6754024745,5,12,0.2213,0.2099,5.43,5.43
logreg,id6754024745,5,26,0.0992,0.0874,13.44,13.44
logreg,id6756071194,5,12,0.1955,0.1995,1.99,-1.99
logreg,id6756927091,5,12,0.1583,0.2273,30.35,-30.35
logreg,id6756975937,5,12,0.1684,0.1792,6.02,-6.02
logreg,id6757916413,5,12,0.2005,0.209,4.08,-4.08
logreg,id6758091957,5,12,0.1198,0.1282,6.53,-6.53
logreg,id6758389804,5,12,0.1783,0.1919,7.11,-7.11
logreg,id6759177171,5,12,0.1308,0.087,50.45,50.45
logreg,id6759972130,5,12,0.1954,0.1745,11.94,11.94
logreg,id6469790837,6,12,0.2698,0.2658,1.49,1.49
logreg,id6469790837,6,26,0.1583,0.1474,7.38,7.38
logreg,id6469790837,6,52,0.0874,0.0757,15.51,15.51
logreg,id6473738977,6,12,0.2488,0.2328,6.89,6.89
logreg,id6473738977,6,26,0.1264,0.1205,4.93,4.93
logreg,id6473738977,6,52,0.0475,0.0584,18.72,-18.72
logreg,id6475044152,6,12,0.2043,0.1968,3.81,3.81
logreg,id6475044152,6,26,0.1153,0.0969,19.06,19.06
logreg,id6475044152,6,52,0.0622,0.0464,34.0,34.0
logreg,id6479984811,6,12,0.2836,0.2803,1.21,1.21
logreg,id6479984811,6,26,0.1711,0.152,12.57,12.57
logreg,id6479984811,6,52,0.0988,0.0823,20.02,20.02
logreg,id6503345402,6,12,0.2569,0.2451,4.8,4.8
logreg,id6503345402,6,26,0.1383,0.1268,9.13,9.13
logreg,id6503345402,6,52,0.0566,0.057,0.68,-0.68
logreg,id6677033712,6,12,0.2202,0.2153,2.28,2.28
logreg,id6677033712,6,26,0.1206,0.104,15.99,15.99
logreg,id6677033712,6,52,0.0536,0.0445,20.63,20.63
logreg,id6720756581,6,12,0.1865,0.1985,6.05,-6.05
logreg,id6720756581,6,26,0.0833,0.1025,18.8,-18.8
logreg,id6720756581,6,52,0.0293,0.0384,23.69,-23.69
logreg,id6733246935,6,12,0.2481,0.247,0.47,0.47
logreg,id6733246935,6,26,0.1469,0.1295,13.41,13.41
logreg,id6733246935,6,52,0.0756,0.0593,27.39,27.39
logreg,id6736480661,6,12,0.2315,0.2275,1.76,1.76
logreg,id6736480661,6,26,0.1091,0.113,3.45,-3.45
logreg,id6736480661,6,52,0.037,0.0468,20.86,-20.86
logreg,id6736709602,6,12,0.2044,0.2093,2.35,-2.35
logreg,id6736709602,6,26,0.0856,0.1063,19.49,-19.49
logreg,id6738656024,6,12,0.2234,0.2199,1.59,1.59
logreg,id6738656024,6,26,0.1262,0.1178,7.14,7.14
logreg,id6738656024,6,52,0.0582,0.0482,20.59,20.59
logreg,id6740285942,6,12,0.2124,0.2226,4.58,-4.58
logreg,id6740285942,6,26,0.0904,0.1089,17.01,-17.01
logreg,id6740285942,6,52,0.0254,0.0491,48.31,-48.31
logreg,id6740338198,6,12,0.2272,0.2286,0.61,-0.61
logreg,id6740338198,6,26,0.1121,0.1138,1.47,-1.47
logreg,id6740338198,6,52,0.0409,0.0479,14.51,-14.51
logreg,id6742549516,6,12,0.2212,0.2274,2.74,-2.74
logreg,id6742549516,6,26,0.0982,0.1151,14.66,-14.66
logreg,id6742549516,6,52,0.0296,0.0513,42.34,-42.34
logreg,id6743124943,6,12,0.2051,0.2088,1.78,-1.78
logreg,id6743124943,6,26,0.085,0.103,17.51,-17.51
logreg,id6743124943,6,52,0.023,0.0264,13.12,-13.12
logreg,id6743130633,6,12,0.207,0.2098,1.33,-1.33
logreg,id6743130633,6,26,0.0963,0.1037,7.19,-7.19
logreg,id6743130633,6,52,0.0311,0.0447,30.35,-30.35
logreg,id6743133841,6,12,0.2132,0.2332,8.59,-8.59
logreg,id6743133841,6,26,0.0908,0.112,18.92,-18.92
logreg,id6743133841,6,52,0.0254,0.0451,43.59,-43.59
logreg,id6744300418,6,12,0.224,0.2349,4.64,-4.64
logreg,id6744300418,6,26,0.0977,0.1024,4.6,-4.6
logreg,id6744300418,6,52,0.0285,0.0191,48.9,48.9
logreg,id6744782145,6,12,0.1836,0.1923,4.49,-4.49
logreg,id6744782145,6,26,0.0704,0.1015,30.61,-30.61
logreg,id6746098146,6,12,0.1825,0.1836,0.59,-0.59
logreg,id6746098146,6,26,0.0715,0.0773,7.53,-7.53
logreg,id6746759743,6,12,0.2009,0.1888,6.44,6.44
logreg,id6746759743,6,26,0.0841,0.1024,17.81,-17.81
logreg,id6747645424,6,12,0.1798,0.1961,8.3,-8.3
logreg,id6747645424,6,26,0.0703,0.1009,30.31,-30.31
logreg,id6747979383,6,12,0.2155,0.1955,10.24,10.24
logreg,id6747979383,6,26,0.0947,0.0311,204.42,204.42
logreg,id6748954100,6,12,0.2051,0.2058,0.32,-0.32
logreg,id6748954100,6,26,0.0879,0.0567,55.18,55.18
logreg,id6751760495,6,12,0.1802,0.1828,1.45,-1.45
logreg,id6751760495,6,26,0.0722,0.0856,15.62,-15.62
logreg,id6751956241,6,12,0.1692,0.1642,3.07,3.07
logreg,id6751956241,6,26,0.0666,0.0481,38.54,38.54
logreg,id6754024745,6,12,0.2207,0.2099,5.16,5.16
logreg,id6754024745,6,26,0.0988,0.0874,12.95,12.95
logreg,id6756071194,6,12,0.1967,0.1995,1.41,-1.41
logreg,id6756927091,6,12,0.157,0.2273,30.91,-30.91
logreg,id6756975937,6,12,0.1696,0.1792,5.36,-5.36
logreg,id6757916413,6,12,0.204,0.209,2.39,-2.39
logreg,id6758091957,6,12,0.1193,0.1282,6.99,-6.99
logreg,id6758389804,6,12,0.1829,0.1919,4.72,-4.72
logreg,id6759177171,6,12,0.1302,0.087,49.77,49.77
logreg,id6759972130,6,12,0.1906,0.1745,9.22,9.22
logreg,id6469790837,7,12,0.2698,0.2658,1.48,1.48
logreg,id6469790837,7,26,0.1582,0.1474,7.36,7.36
logreg,id6469790837,7,52,0.0874,0.0757,15.49,15.49
logreg,id6473738977,7,12,0.2473,0.2328,6.24,6.24
logreg,id6473738977,7,26,0.1252,0.1205,3.88,3.88
logreg,id6473738977,7,52,0.0467,0.0584,19.98,-19.98
logreg,id6475044152,7,12,0.2009,0.1968,2.08,2.08
logreg,id6475044152,7,26,0.113,0.0969,16.62,16.62
logreg,id6475044152,7,52,0.0607,0.0464,30.75,30.75
logreg,id6479984811,7,12,0.2859,0.2803,2.02,2.02
logreg,id6479984811,7,26,0.1729,0.152,13.82,13.82
logreg,id6479984811,7,52,0.0999,0.0823,21.42,21.42
logreg,id6503345402,7,12,0.2541,0.2451,3.65,3.65
logreg,id6503345402,7,26,0.1359,0.1268,7.2,7.2
logreg,id6503345402,7,52,0.055,0.057,3.45,-3.45
logreg,id6677033712,7,12,0.2187,0.2153,1.6,1.6
logreg,id6677033712,7,26,0.1194,0.104,14.86,14.86
logreg,id6677033712,7,52,0.0529,0.0445,18.88,18.88
logreg,id6720756581,7,12,0.1883,0.1985,5.12,-5.12
logreg,id6720756581,7,26,0.0845,0.1025,17.57,-17.57
logreg,id6720756581,7,52,0.0299,0.0384,22.14,-22.14
logreg,id6733246935,7,12,0.243,0.247,1.61,-1.61
logreg,id6733246935,7,26,0.1427,0.1295,10.18,10.18
logreg,id6733246935,7,52,0.0725,0.0593,22.24,22.24
logreg,id6736480661,7,12,0.2309,0.2275,1.5,1.5
logreg,id6736480661,7,26,0.1086,0.113,3.86,-3.86
logreg,id6736480661,7,52,0.0368,0.0468,21.38,-21.38
logreg,id6736709602,7,12,0.2041,0.2093,2.46,-2.46
logreg,id6736709602,7,26,0.0854,0.1063,19.64,-19.64
logreg,id6738656024,7,12,0.2188,0.2199,0.49,-0.49
logreg,id6738656024,7,26,0.1225,0.1178,3.96,3.96
logreg,id6738656024,7,52,0.0555,0.0482,15.16,15.16
logreg,id6740285942,7,12,0.2125,0.2226,4.52,-4.52
logreg,id6740285942,7,26,0.0905,0.1089,16.92,-16.92
logreg,id6740285942,7,52,0.0254,0.0491,48.23,-48.23
logreg,id6740338198,7,12,0.225,0.2286,1.56,-1.56
logreg,id6740338198,7,26,0.1104,0.1138,2.99,-2.99
logreg,id6740338198,7,52,0.04,0.0479,16.54,-16.54
logreg,id6742549516,7,12,0.221,0.2274,2.81,-2.81
logreg,id6742549516,7,26,0.0981,0.1151,14.76,-14.76
logreg,id6742549516,7,52,0.0295,0.0513,42.45,-42.45
logreg,id6743124943,7,12,0.2055,0.2088,1.59,-1.59
logreg,id6743124943,7,26,0.0853,0.103,17.24,-17.24
logreg,id6743124943,7,52,0.0231,0.0264,12.65,-12.65
logreg,id6743130633,7,12,0.2072,0.2098,1.24,-1.24
logreg,id6743130633,7,26,0.0964,0.1037,7.05,-7.05
logreg,id6743130633,7,52,0.0312,0.0447,30.18,-30.18
logreg,id6743133841,7,12,0.2144,0.2332,8.05,-8.05
logreg,id6743133841,7,26,0.0917,0.112,18.1,-18.1
logreg,id6743133841,7,52,0.0258,0.0451,42.67,-42.67
logreg,id6744300418,7,12,0.2268,0.2349,3.48,-3.48
logreg,id6744300418,7,26,0.0998,0.1024,2.62,-2.62
logreg,id6744300418,7,52,0.0294,0.0191,53.91,53.91
logreg,id6744782145,7,12,0.1838,0.1923,4.4,-4.4
logreg,id6744782145,7,26,0.0705,0.1015,30.5,-30.5
logreg,id6746098146,7,12,0.1825,0.1836,0.6,-0.6
logreg,id6746098146,7,26,0.0715,0.0773,7.54,-7.54
logreg,id6746759743,7,12,0.2039,0.1888,8.01,8.01
logreg,id6746759743,7,26,0.0862,0.1024,15.74,-15.74
logreg,id6747645424,7,12,0.1821,0.1961,7.14,-7.14
logreg,id6747645424,7,26,0.0718,0.1009,28.8,-28.8
logreg,id6747979383,7,12,0.2174,0.1955,11.19,11.19
logreg,id6747979383,7,26,0.0961,0.0311,208.92,208.92
logreg,id6748954100,7,12,0.2069,0.2058,0.55,0.55
logreg,id6748954100,7,26,0.0892,0.0567,57.46,57.46
logreg,id6751760495,7,12,0.1828,0.1828,0.02,-0.02
logreg,id6751760495,7,26,0.074,0.0856,13.54,-13.54
logreg,id6751956241,7,12,0.1678,0.1642,2.2,2.2
logreg,id6751956241,7,26,0.0657,0.0481,36.54,36.54
logreg,id6754024745,7,12,0.2188,0.2099,4.28,4.28
logreg,id6754024745,7,26,0.0974,0.0874,11.37,11.37
logreg,id6756071194,7,12,0.1982,0.1995,0.64,-0.64
logreg,id6756927091,7,12,0.1586,0.2273,30.22,-30.22
logreg,id6756975937,7,12,0.1726,0.1792,3.68,-3.68
logreg,id6757916413,7,12,0.2079,0.209,0.53,-0.53
logreg,id6758091957,7,12,0.1185,0.1282,7.56,-7.56
logreg,id6758389804,7,12,0.1837,0.1919,4.26,-4.26
logreg,id6759177171,7,12,0.1308,0.087,50.41,50.41
logreg,id6759972130,7,12,0.1885,0.1745,8.04,8.04
logreg,id6469790837,8,12,0.2676,0.2658,0.64,0.64
logreg,id6469790837,8,26,0.1564,0.1474,6.13,6.13
logreg,id6469790837,8,52,0.0863,0.0757,14.07,14.07
logreg,id6473738977,8,12,0.2459,0.2328,5.63,5.63
logreg,id6473738977,8,26,0.124,0.1205,2.89,2.89
logreg,id6473738977,8,52,0.046,0.0584,21.16,-21.16
logreg,id6475044152,8,12,0.199,0.1968,1.11,1.11
logreg,id6475044152,8,26,0.1117,0.0969,15.27,15.27
logreg,id6475044152,8,52,0.0599,0.0464,28.95,28.95
logreg,id6479984811,8,12,0.2819,0.2803,0.6,0.6
logreg,id6479984811,8,26,0.1697,0.152,11.66,11.66
logreg,id6479984811,8,52,0.0979,0.0823,18.99,18.99
logreg,id6503345402,8,12,0.2495,0.2451,1.78,1.78
logreg,id6503345402,8,26,0.1319,0.1268,4.07,4.07
logreg,id6503345402,8,52,0.0525,0.057,7.84,-7.84
logreg,id6677033712,8,12,0.2161,0.2153,0.37,0.37
logreg,id6677033712,8,26,0.1173,0.104,12.82,12.82
logreg,id6677033712,8,52,0.0514,0.0445,15.73,15.73
logreg,id6720756581,8,12,0.1897,0.1985,4.42,-4.42
logreg,id6720756581,8,26,0.0855,0.1025,16.64,-16.64
logreg,id6720756581,8,52,0.0303,0.0384,20.95,-20.95
logreg,id6733246935,8,12,0.2385,0.247,3.43,-3.43
logreg,id6733246935,8,26,0.1391,0.1295,7.38,7.38
logreg,id6733246935,8,52,0.0699,0.0593,17.81,17.81
logreg,id6736480661,8,12,0.2288,0.2275,0.58,0.58
logreg,id6736480661,8,26,0.107,0.113,5.29,-5.29
logreg,id6736480661,8,52,0.0359,0.0468,23.17,-23.17
logreg,id6736709602,8,12,0.2027,0.2093,3.16,-3.16
logreg,id6736709602,8,26,0.0844,0.1063,20.61,-20.61
logreg,id6738656024,8,12,0.2148,0.2199,2.31,-2.31
logreg,id6738656024,8,26,0.1192,0.1178,1.21,1.21
logreg,id6738656024,8,52,0.0533,0.0482,10.51,10.51
logreg,id6740285942,8,12,0.2152,0.2226,3.3,-3.3
logreg,id6740285942,8,26,0.0924,0.1089,15.12,-15.12
logreg,id6740285942,8,52,0.0263,0.0491,46.41,-46.41
logreg,id6740338198,8,12,0.2264,0.2286,0.95,-0.95
logreg,id6740338198,8,26,0.1115,0.1138,2.01,-2.01
logreg,id6740338198,8,52,0.0406,0.0479,15.24,-15.24
logreg,id6742549516,8,12,0.2244,0.2274,1.33,-1.33
logreg,id6742549516,8,26,0.1006,0.1151,12.56,-12.56
logreg,id6742549516,8,52,0.0307,0.0513,40.06,-40.06
logreg,id6743124943,8,12,0.2082,0.2088,0.31,-0.31
logreg,id6743124943,8,26,0.0872,0.103,15.4,-15.4
logreg,id6743124943,8,52,0.0239,0.0264,9.52,-9.52
logreg,id6743130633,8,12,0.2052,0.2098,2.18,-2.18
logreg,id6743130633,8,26,0.0949,0.1037,8.53,-8.53
logreg,id6743130633,8,52,0.0304,0.0447,31.93,-31.93
logreg,id6743133841,8,12,0.2171,0.2332,6.92,-6.92
logreg,id6743133841,8,26,0.0936,0.112,16.38,-16.38
logreg,id6743133841,8,52,0.0267,0.0451,40.72,-40.72
logreg,id6744300418,8,12,0.2278,0.2349,3.05,-3.05
logreg,id6744300418,8,26,0.1005,0.1024,1.89,-1.89
logreg,id6744300418,8,52,0.0298,0.0191,55.76,55.76
logreg,id6744782145,8,12,0.1847,0.1923,3.94,-3.94
logreg,id6744782145,8,26,0.0711,0.1015,29.93,-29.93
logreg,id6746098146,8,12,0.1824,0.1836,0.65,-0.65
logreg,id6746098146,8,26,0.0714,0.0773,7.62,-7.62
logreg,id6746759743,8,12,0.2066,0.1888,9.44,9.44
logreg,id6746759743,8,26,0.0882,0.1024,13.84,-13.84
logreg,id6747645424,8,12,0.187,0.1961,4.66,-4.66
logreg,id6747645424,8,26,0.0751,0.1009,25.53,-25.53
logreg,id6747979383,8,12,0.2176,0.1955,11.28,11.28
logreg,id6747979383,8,26,0.0962,0.0311,209.35,209.35
logreg,id6748954100,8,12,0.2065,0.2058,0.33,0.33
logreg,id6748954100,8,26,0.0889,0.0567,56.9,56.9
logreg,id6751760495,8,12,0.1868,0.1828,2.19,2.19
logreg,id6751760495,8,26,0.0768,0.0856,10.3,-10.3
logreg,id6751956241,8,12,0.1674,0.1642,1.98,1.98
logreg,id6751956241,8,26,0.0654,0.0481,36.05,36.05
logreg,id6754024745,8,12,0.2163,0.2099,3.04,3.04
logreg,id6754024745,8,26,0.0954,0.0874,9.15,9.15
logreg,id6756071194,8,12,0.198,0.1995,0.75,-0.75
logreg,id6756927091,8,12,0.1555,0.2273,31.59,-31.59
logreg,id6756975937,8,12,0.1742,0.1792,2.82,-2.82
logreg,id6757916413,8,12,0.2122,0.209,1.52,1.52
logreg,id6758091957,8,12,0.1189,0.1282,7.28,-7.28
logreg,id6758389804,8,12,0.1877,0.1919,2.22,-2.22
logreg,id6759177171,8,12,0.1298,0.087,49.27,49.27
logreg,id6759972130,8,12,0.1874,0.1745,7.39,7.39
hybrid,id6469790837,1,12,0.1858,0.2658,30.12,-30.12
hybrid,id6469790837,1,26,0.087,0.1474,41.0,-41.0
hybrid,id6469790837,1,52,0.0352,0.0757,53.52,-53.52
hybrid,id6473738977,1,12,0.1837,0.2328,21.08,-21.08
hybrid,id6473738977,1,26,0.0856,0.1205,28.96,-28.96
hybrid,id6473738977,1,52,0.0344,0.0584,41.03,-41.03
hybrid,id6475044152,1,12,0.1419,0.1968,27.9,-27.9
hybrid,id6475044152,1,26,0.0594,0.0969,38.72,-38.72
hybrid,id6475044152,1,52,0.021,0.0464,54.69,-54.69
hybrid,id6479984811,1,12,0.1861,0.2803,33.59,-33.59
hybrid,id6479984811,1,26,0.0872,0.152,42.63,-42.63
hybrid,id6479984811,1,52,0.0353,0.0823,57.13,-57.13
hybrid,id6503345402,1,12,0.1861,0.2451,24.1,-24.1
hybrid,id6503345402,1,26,0.0871,0.1268,31.25,-31.25
hybrid,id6503345402,1,52,0.0353,0.057,38.06,-38.06
hybrid,id6677033712,1,12,0.1641,0.2153,23.79,-23.79
hybrid,id6677033712,1,26,0.0729,0.104,29.89,-29.89
hybrid,id6677033712,1,52,0.0277,0.0445,37.62,-37.62
hybrid,id6720756581,1,12,0.1546,0.1985,22.1,-22.1
hybrid,id6720756581,1,26,0.067,0.1025,34.63,-34.63
hybrid,id6720756581,1,52,0.0248,0.0384,35.42,-35.42
hybrid,id6733246935,1,12,0.1834,0.247,25.74,-25.74
hybrid,id6733246935,1,26,0.0854,0.1295,34.08,-34.08
hybrid,id6733246935,1,52,0.0343,0.0593,42.16,-42.16
hybrid,id6736480661,1,12,0.1887,0.2275,17.08,-17.08
hybrid,id6736480661,1,26,0.0889,0.113,21.35,-21.35
hybrid,id6736480661,1,52,0.0362,0.0468,22.56,-22.56
hybrid,id6736709602,1,12,0.1786,0.2093,14.68,-14.68
hybrid,id6736709602,1,26,0.0822,0.1063,22.69,-22.69
hybrid,id6738656024,1,12,0.181,0.2199,17.66,-17.66
hybrid,id6738656024,1,26,0.0838,0.1178,28.85,-28.85
hybrid,id6738656024,1,52,0.0335,0.0482,30.59,-30.59
hybrid,id6740285942,1,12,0.1929,0.2226,13.33,-13.33
hybrid,id6740285942,1,26,0.0917,0.1089,15.75,-15.75
hybrid,id6740285942,1,52,0.0378,0.0491,22.97,-22.97
hybrid,id6740338198,1,12,0.2075,0.2286,9.23,-9.23
hybrid,id6740338198,1,26,0.1018,0.1138,10.58,-10.58
hybrid,id6740338198,1,52,0.0435,0.0479,9.13,-9.13
hybrid,id6742549516,1,12,0.1943,0.2274,14.56,-14.56
hybrid,id6742549516,1,26,0.0927,0.1151,19.45,-19.45
hybrid,id6742549516,1,52,0.0383,0.0513,25.2,-25.2
hybrid,id6743124943,1,12,0.1915,0.2088,8.28,-8.28
hybrid,id6743124943,1,26,0.0908,0.103,11.87,-11.87
hybrid,id6743124943,1,52,0.0373,0.0264,41.15,41.15
hybrid,id6743130633,1,12,0.1213,0.2098,42.16,-42.16
hybrid,id6743130633,1,26,0.0476,0.1037,54.09,-54.09
hybrid,id6743130633,1,52,0.0157,0.0447,64.98,-64.98
hybrid,id6743133841,1,12,0.1983,0.2332,14.98,-14.98
hybrid,id6743133841,1,26,0.0954,0.112,14.81,-14.81
hybrid,id6743133841,1,52,0.0399,0.0451,11.57,-11.57
hybrid,id6744300418,1,12,0.2086,0.2349,11.22,-11.22
hybrid,id6744300418,1,26,0.1025,0.1024,0.07,0.07
hybrid,id6744300418,1,52,0.0439,0.0191,129.8,129.8
hybrid,id6744782145,1,12,0.1795,0.1923,6.63,-6.63
hybrid,id6744782145,1,26,0.0828,0.1015,18.41,-18.41
hybrid,id6746098146,1,12,0.1177,0.1836,35.89,-35.89
hybrid,id6746098146,1,26,0.0456,0.0773,41.0,-41.0
hybrid,id6746759743,1,12,0.1737,0.1888,8.01,-8.01
hybrid,id6746759743,1,26,0.079,0.1024,22.81,-22.81
hybrid,id6747645424,1,12,0.153,0.1961,21.99,-21.99
hybrid,id6747645424,1,26,0.066,0.1009,34.54,-34.54
hybrid,id6747979383,1,12,0.1625,0.1955,16.88,-16.88
hybrid,id6747979383,1,26,0.0719,0.0311,131.19,131.19
hybrid,id6748954100,1,12,0.1742,0.2058,15.34,-15.34
hybrid,id6748954100,1,26,0.0794,0.0567,40.04,40.04
hybrid,id6751760495,1,12,0.1544,0.1828,15.53,-15.53
hybrid,id6751760495,1,26,0.0669,0.0856,21.85,-21.85
hybrid,id6751956241,1,12,0.1125,0.1642,31.47,-31.47
hybrid,id6751956241,1,26,0.0428,0.0481,10.93,-10.93
hybrid,id6754024745,1,12,0.1385,0.2099,33.99,-33.99
hybrid,id6754024745,1,26,0.0574,0.0874,34.35,-34.35
hybrid,id6756071194,1,12,0.1922,0.1995,3.64,-3.64
hybrid,id6756927091,1,12,0.1318,0.2273,42.0,-42.0
hybrid,id6756975937,1,12,0.1482,0.1792,17.3,-17.3
hybrid,id6757916413,1,12,0.1801,0.209,13.85,-13.85
hybrid,id6758091957,1,12,0.1196,0.1282,6.71,-6.71
hybrid,id6758389804,1,12,0.1647,0.1919,14.18,-14.18
hybrid,id6759177171,1,12,0.142,0.087,63.25,63.25
hybrid,id6759972130,1,12,0.1868,0.1745,7.06,7.06
hybrid,id6469790837,2,12,0.2025,0.2658,23.84,-23.84
hybrid,id6469790837,2,26,0.0983,0.1474,33.32,-33.32
hybrid,id6469790837,2,52,0.0415,0.0757,45.16,-45.16
hybrid,id6473738977,2,12,0.2023,0.2328,13.09,-13.09
hybrid,id6473738977,2,26,0.0982,0.1205,18.52,-18.52
hybrid,id6473738977,2,52,0.0414,0.0584,29.03,-29.03
hybrid,id6475044152,2,12,0.163,0.1968,17.18,-17.18
hybrid,id6475044152,2,26,0.0722,0.0969,25.45,-25.45
hybrid,id6475044152,2,52,0.0274,0.0464,41.02,-41.02
hybrid,id6479984811,2,12,0.2142,0.2803,23.57,-23.57
hybrid,id6479984811,2,26,0.1065,0.152,29.92,-29.92
hybrid,id6479984811,2,52,0.0463,0.0823,43.81,-43.81
hybrid,id6503345402,2,12,0.2154,0.2451,12.12,-12.12
hybrid,id6503345402,2,26,0.1074,0.1268,15.3,-15.3
hybrid,id6503345402,2,52,0.0468,0.057,17.88,-17.88
hybrid,id6677033712,2,12,0.1822,0.2153,15.39,-15.39
hybrid,id6677033712,2,26,0.0846,0.104,18.68,-18.68
hybrid,id6677033712,2,52,0.0339,0.0445,23.82,-23.82
hybrid,id6720756581,2,12,0.16,0.1985,19.4,-19.4
hybrid,id6720756581,2,26,0.0704,0.1025,31.39,-31.39
hybrid,id6720756581,2,52,0.0264,0.0384,31.08,-31.08
hybrid,id6733246935,2,12,0.2034,0.247,17.65,-17.65
hybrid,id6733246935,2,26,0.0989,0.1295,23.64,-23.64
hybrid,id6733246935,2,52,0.0418,0.0593,29.46,-29.46
hybrid,id6736480661,2,12,0.2088,0.2275,8.24,-8.24
hybrid,id6736480661,2,26,0.1027,0.113,9.14,-9.14
hybrid,id6736480661,2,52,0.044,0.0468,5.89,-5.89
hybrid,id6736709602,2,12,0.1972,0.2093,5.79,-5.79
hybrid,id6736709602,2,26,0.0946,0.1063,10.99,-10.99
hybrid,id6738656024,2,12,0.2012,0.2199,8.49,-8.49
hybrid,id6738656024,2,26,0.0974,0.1178,17.32,-17.32
hybrid,id6738656024,2,52,0.041,0.0482,14.99,-14.99
hybrid,id6740285942,2,12,0.2079,0.2226,6.58,-6.58
hybrid,id6740285942,2,26,0.1021,0.1089,6.26,-6.26
hybrid,id6740285942,2,52,0.0437,0.0491,11.01,-11.01
hybrid,id6740338198,2,12,0.218,0.2286,4.63,-4.63
hybrid,id6740338198,2,26,0.1092,0.1138,4.04,-4.04
hybrid,id6740338198,2,52,0.0479,0.0479,0.03,-0.03
hybrid,id6742549516,2,12,0.2064,0.2274,9.24,-9.24
hybrid,id6742549516,2,26,0.101,0.1151,12.21,-12.21
hybrid,id6742549516,2,52,0.0431,0.0513,15.98,-15.98
hybrid,id6743124943,2,12,0.2109,0.2088,1.0,1.0
hybrid,id6743124943,2,26,0.1042,0.103,1.09,1.09
hybrid,id6743124943,2,52,0.0449,0.0264,69.9,69.9
hybrid,id6743130633,2,12,0.1461,0.2098,30.38,-30.38
hybrid,id6743130633,2,26,0.0618,0.1037,40.39,-40.39
hybrid,id6743130633,2,52,0.0222,0.0447,50.29,-50.29
hybrid,id6743133841,2,12,0.2241,0.2332,3.91,-3.91
hybrid,id6743133841,2,26,0.1136,0.112,1.43,1.43
hybrid,id6743133841,2,52,0.0505,0.0451,11.98,11.98
hybrid,id6744300418,2,12,0.223,0.2349,5.08,-5.08
hybrid,id6744300418,2,26,0.1128,0.1024,10.08,10.08
hybrid,id6744300418,2,52,0.05,0.0191,161.49,161.49
hybrid,id6744782145,2,12,0.1799,0.1923,6.41,-6.41
hybrid,id6744782145,2,26,0.0831,0.1015,18.14,-18.14
hybrid,id6746098146,2,12,0.1439,0.1836,21.6,-21.6
hybrid,id6746098146,2,26,0.0606,0.0773,21.69,-21.69
hybrid,id6746759743,2,12,0.1797,0.1888,4.83,-4.83
hybrid,id6746759743,2,26,0.0829,0.1024,19.0,-19.0
hybrid,id6747645424,2,12,0.1561,0.1961,20.39,-20.39
hybrid,id6747645424,2,26,0.0679,0.1009,32.64,-32.64
hybrid,id6747979383,2,12,0.1753,0.1955,10.34,-10.34
hybrid,id6747979383,2,26,0.0801,0.0311,157.36,157.36
hybrid,id6748954100,2,12,0.186,0.2058,9.61,-9.61
hybrid,id6748954100,2,26,0.0871,0.0567,53.68,53.68
hybrid,id6751760495,2,12,0.1627,0.1828,10.99,-10.99
hybrid,id6751760495,2,26,0.0721,0.0856,15.84,-15.84
hybrid,id6751956241,2,12,0.1307,0.1642,20.41,-20.41
hybrid,id6751956241,2,26,0.0529,0.0481,9.91,9.91
hybrid,id6754024745,2,12,0.1702,0.2099,18.92,-18.92
hybrid,id6754024745,2,26,0.0768,0.0874,12.2,-12.2
hybrid,id6756071194,2,12,0.2009,0.1995,0.69,0.69
hybrid,id6756927091,2,12,0.1345,0.2273,40.84,-40.84
hybrid,id6756975937,2,12,0.1454,0.1792,18.87,-18.87
hybrid,id6757916413,2,12,0.1844,0.209,11.77,-11.77
hybrid,id6758091957,2,12,0.121,0.1282,5.63,-5.63
hybrid,id6758389804,2,12,0.1605,0.1919,16.38,-16.38
hybrid,id6759177171,2,12,0.137,0.087,57.5,57.5
hybrid,id6759972130,2,12,0.2019,0.1745,15.67,15.67
hybrid,id6469790837,3,12,0.2201,0.2658,17.2,-17.2
hybrid,id6469790837,3,26,0.1107,0.1474,24.88,-24.88
hybrid,id6469790837,3,52,0.0487,0.0757,35.57,-35.57
hybrid,id6473738977,3,12,0.2199,0.2328,5.56,-5.56
hybrid,id6473738977,3,26,0.1105,0.1205,8.27,-8.27
hybrid,id6473738977,3,52,0.0486,0.0584,16.68,-16.68
hybrid,id6475044152,3,12,0.1715,0.1968,12.88,-12.88
hybrid,id6475044152,3,26,0.0776,0.0969,19.91,-19.91
hybrid,id6475044152,3,52,0.0302,0.0464,35.04,-35.04
hybrid,id6479984811,3,12,0.231,0.2803,17.57,-17.57
hybrid,id6479984811,3,26,0.1186,0.152,21.94,-21.94
hybrid,id6479984811,3,52,0.0535,0.0823,34.97,-34.97
hybrid,id6503345402,3,12,0.225,0.2451,8.24,-8.24
hybrid,id6503345402,3,26,0.1142,0.1268,9.9,-9.9
hybrid,id6503345402,3,52,0.0508,0.057,10.72,-10.72
hybrid,id6677033712,3,12,0.1856,0.2153,13.81,-13.81
hybrid,id6677033712,3,26,0.0868,0.104,16.52,-16.52
hybrid,id6677033712,3,52,0.0351,0.0445,21.07,-21.07
hybrid,id6720756581,3,12,0.1626,0.1985,18.07,-18.07
hybrid,id6720756581,3,26,0.072,0.1025,29.78,-29.78
hybrid,id6720756581,3,52,0.0273,0.0384,28.9,-28.9
hybrid,id6733246935,3,12,0.2179,0.247,11.77,-11.77
hybrid,id6733246935,3,26,0.1091,0.1295,15.75,-15.75
hybrid,id6733246935,3,52,0.0478,0.0593,19.41,-19.41
hybrid,id6736480661,3,12,0.2203,0.2275,3.17,-3.17
hybrid,id6736480661,3,26,0.1108,0.113,1.9,-1.9
hybrid,id6736480661,3,52,0.0488,0.0468,4.4,4.4
hybrid,id6736709602,3,12,0.2027,0.2093,3.15,-3.15
hybrid,id6736709602,3,26,0.0984,0.1063,7.42,-7.42
hybrid,id6738656024,3,12,0.2044,0.2199,7.03,-7.03
hybrid,id6738656024,3,26,0.0996,0.1178,15.44,-15.44
hybrid,id6738656024,3,52,0.0423,0.0482,12.36,-12.36
hybrid,id6740285942,3,12,0.2092,0.2226,6.02,-6.02
hybrid,id6740285942,3,26,0.103,0.1089,5.45,-5.45
hybrid,id6740285942,3,52,0.0442,0.0491,9.97,-9.97
hybrid,id6740338198,3,12,0.215,0.2286,5.95,-5.95
hybrid,id6740338198,3,26,0.1071,0.1138,5.93,-5.93
hybrid,id6740338198,3,52,0.0466,0.0479,2.68,-2.68
hybrid,id6742549516,3,12,0.2106,0.2274,7.41,-7.41
hybrid,id6742549516,3,26,0.1039,0.1151,9.68,-9.68
hybrid,id6742549516,3,52,0.0448,0.0513,12.68,-12.68
hybrid,id6743124943,3,12,0.2058,0.2088,1.46,-1.46
hybrid,id6743124943,3,26,0.1006,0.103,2.39,-2.39
hybrid,id6743124943,3,52,0.0428,0.0264,62.04,62.04
hybrid,id6743130633,3,12,0.1578,0.2098,24.78,-24.78
hybrid,id6743130633,3,26,0.069,0.1037,33.51,-33.51
hybrid,id6743130633,3,52,0.0257,0.0447,42.42,-42.42
hybrid,id6743133841,3,12,0.2173,0.2332,6.83,-6.83
hybrid,id6743133841,3,26,0.1087,0.112,2.95,-2.95
hybrid,id6743133841,3,52,0.0475,0.0451,5.48,5.48
hybrid,id6744300418,3,12,0.221,0.2349,5.92,-5.92
hybrid,id6744300418,3,26,0.1114,0.1024,8.7,8.7
hybrid,id6744300418,3,52,0.0491,0.0191,157.04,157.04
hybrid,id6744782145,3,12,0.1767,0.1923,8.08,-8.08
hybrid,id6744782145,3,26,0.081,0.1015,20.2,-20.2
hybrid,id6746098146,3,12,0.1547,0.1836,15.7,-15.7
hybrid,id6746098146,3,26,0.0671,0.0773,13.24,-13.24
hybrid,id6746759743,3,12,0.1788,0.1888,5.27,-5.27
hybrid,id6746759743,3,26,0.0824,0.1024,19.53,-19.53
hybrid,id6747645424,3,12,0.1569,0.1961,19.98,-19.98
hybrid,id6747645424,3,26,0.0684,0.1009,32.15,-32.15
hybrid,id6747979383,3,12,0.1911,0.1955,2.25,-2.25
hybrid,id6747979383,3,26,0.0905,0.0311,190.95,190.95
hybrid,id6748954100,3,12,0.1891,0.2058,8.12,-8.12
hybrid,id6748954100,3,26,0.0891,0.0567,57.29,57.29
hybrid,id6751760495,3,12,0.1656,0.1828,9.43,-9.43
hybrid,id6751760495,3,26,0.0739,0.0856,13.74,-13.74
hybrid,id6751956241,3,12,0.1404,0.1642,14.48,-14.48
hybrid,id6751956241,3,26,0.0585,0.0481,21.61,21.61
hybrid,id6754024745,3,12,0.1835,0.2099,12.57,-12.57
hybrid,id6754024745,3,26,0.0854,0.0874,2.29,-2.29
hybrid,id6756071194,3,12,0.2007,0.1995,0.59,0.59
hybrid,id6756927091,3,12,0.14,0.2273,38.4,-38.4
hybrid,id6756975937,3,12,0.1493,0.1792,16.7,-16.7
hybrid,id6757916413,3,12,0.1905,0.209,8.84,-8.84
hybrid,id6758091957,3,12,0.1186,0.1282,7.49,-7.49
hybrid,id6758389804,3,12,0.1655,0.1919,13.74,-13.74
hybrid,id6759177171,3,12,0.1417,0.087,63.01,63.01
hybrid,id6759972130,3,12,0.2072,0.1745,18.75,18.75
hybrid,id6469790837,4,12,0.234,0.2658,11.98,-11.98
hybrid,id6469790837,4,26,0.1208,0.1474,18.03,-18.03
hybrid,id6469790837,4,52,0.0549,0.0757,27.48,-27.48
hybrid,id6473738977,4,12,0.2302,0.2328,1.12,-1.12
hybrid,id6473738977,4,26,0.118,0.1205,2.05,-2.05
hybrid,id6473738977,4,52,0.0532,0.0584,8.95,-8.95
hybrid,id6475044152,4,12,0.1816,0.1968,7.73,-7.73
hybrid,id6475044152,4,26,0.0842,0.0969,13.12,-13.12
hybrid,id6475044152,4,52,0.0337,0.0464,27.51,-27.51
hybrid,id6479984811,4,12,0.2419,0.2803,13.7,-13.7
hybrid,id6479984811,4,26,0.1267,0.152,16.65,-16.65
hybrid,id6479984811,4,52,0.0585,0.0823,28.93,-28.93
hybrid,id6503345402,4,12,0.2296,0.2451,6.32,-6.32
hybrid,id6503345402,4,26,0.1176,0.1268,7.21,-7.21
hybrid,id6503345402,4,52,0.0529,0.057,7.09,-7.09
hybrid,id6677033712,4,12,0.1899,0.2153,11.77,-11.77
hybrid,id6677033712,4,26,0.0897,0.104,13.7,-13.7
hybrid,id6677033712,4,52,0.0367,0.0445,17.46,-17.46
hybrid,id6720756581,4,12,0.1729,0.1985,12.89,-12.89
hybrid,id6720756581,4,26,0.0785,0.1025,23.41,-23.41
hybrid,id6720756581,4,52,0.0307,0.0384,20.07,-20.07
hybrid,id6733246935,4,12,0.222,0.247,10.1,-10.1
hybrid,id6733246935,4,26,0.1121,0.1295,13.47,-13.47
hybrid,id6733246935,4,52,0.0496,0.0593,16.45,-16.45
hybrid,id6736480661,4,12,0.2272,0.2275,0.16,-0.16
hybrid,id6736480661,4,26,0.1158,0.113,2.49,2.49
hybrid,id6736480661,4,52,0.0518,0.0468,10.77,10.77
hybrid,id6736709602,4,12,0.2049,0.2093,2.09,-2.09
hybrid,id6736709602,4,26,0.1,0.1063,5.97,-5.97
hybrid,id6738656024,4,12,0.199,0.2199,9.49,-9.49
hybrid,id6738656024,4,26,0.0959,0.1178,18.61,-18.61
hybrid,id6738656024,4,52,0.0401,0.0482,16.78,-16.78
hybrid,id6740285942,4,12,0.2035,0.2226,8.57,-8.57
hybrid,id6740285942,4,26,0.099,0.1089,9.09,-9.09
hybrid,id6740285942,4,52,0.0419,0.0491,14.62,-14.62
hybrid,id6740338198,4,12,0.2103,0.2286,8.0,-8.0
hybrid,id6740338198,4,26,0.1037,0.1138,8.84,-8.84
hybrid,id6740338198,4,52,0.0446,0.0479,6.74,-6.74
hybrid,id6742549516,4,12,0.2086,0.2274,8.3,-8.3
hybrid,id6742549516,4,26,0.1025,0.1151,10.91,-10.91
hybrid,id6742549516,4,52,0.0439,0.0513,14.29,-14.29
hybrid,id6743124943,4,12,0.2057,0.2088,1.48,-1.48
hybrid,id6743124943,4,26,0.1005,0.103,2.42,-2.42
hybrid,id6743124943,4,52,0.0428,0.0264,61.97,61.97
hybrid,id6743130633,4,12,0.1711,0.2098,18.46,-18.46
hybrid,id6743130633,4,26,0.0773,0.1037,25.45,-25.45
hybrid,id6743130633,4,52,0.03,0.0447,32.84,-32.84
hybrid,id6743133841,4,12,0.2129,0.2332,8.7,-8.7
hybrid,id6743133841,4,26,0.1056,0.112,5.7,-5.7
hybrid,id6743133841,4,52,0.0457,0.0451,1.45,1.45
hybrid,id6744300418,4,12,0.2199,0.2349,6.39,-6.39
hybrid,id6744300418,4,26,0.1106,0.1024,7.93,7.93
hybrid,id6744300418,4,52,0.0487,0.0191,154.59,154.59
hybrid,id6744782145,4,12,0.1803,0.1923,6.25,-6.25
hybrid,id6744782145,4,26,0.0833,0.1015,17.94,-17.94
hybrid,id6746098146,4,12,0.1533,0.1836,16.49,-16.49
hybrid,id6746098146,4,26,0.0662,0.0773,14.38,-14.38
hybrid,id6746759743,4,12,0.1781,0.1888,5.64,-5.64
hybrid,id6746759743,4,26,0.0819,0.1024,19.97,-19.97
hybrid,id6747645424,4,12,0.158,0.1961,19.44,-19.44
hybrid,id6747645424,4,26,0.0691,0.1009,31.49,-31.49
hybrid,id6747979383,4,12,0.1954,0.1955,0.08,-0.08
hybrid,id6747979383,4,26,0.0934,0.0311,200.21,200.21
hybrid,id6748954100,4,12,0.1898,0.2058,7.78,-7.78
hybrid,id6748954100,4,26,0.0896,0.0567,58.12,58.12
hybrid,id6751760495,4,12,0.1659,0.1828,9.28,-9.28
hybrid,id6751760495,4,26,0.074,0.0856,13.53,-13.53
hybrid,id6751956241,4,12,0.146,0.1642,11.07,-11.07
hybrid,id6751956241,4,26,0.0618,0.0481,28.51,28.51
hybrid,id6754024745,4,12,0.2005,0.2099,4.45,-4.45
hybrid,id6754024745,4,26,0.0969,0.0874,10.85,10.85
hybrid,id6756071194,4,12,0.2059,0.1995,3.19,3.19
hybrid,id6756927091,4,12,0.1451,0.2273,36.15,-36.15
hybrid,id6756975937,4,12,0.1566,0.1792,12.64,-12.64
hybrid,id6757916413,4,12,0.1963,0.209,6.06,-6.06
hybrid,id6758091957,4,12,0.1181,0.1282,7.92,-7.92
hybrid,id6758389804,4,12,0.1677,0.1919,12.63,-12.63
hybrid,id6759177171,4,12,0.1409,0.087,62.02,62.02
hybrid,id6759972130,4,12,0.2109,0.1745,20.83,20.83
hybrid,id6469790837,5,12,0.24,0.2658,9.73,-9.73
hybrid,id6469790837,5,26,0.1252,0.1474,15.01,-15.01
hybrid,id6469790837,5,52,0.0576,0.0757,23.84,-23.84
hybrid,id6473738977,5,12,0.2303,0.2328,1.07,-1.07
hybrid,id6473738977,5,26,0.1181,0.1205,1.98,-1.98
hybrid,id6473738977,5,52,0.0532,0.0584,8.85,-8.85
hybrid,id6475044152,5,12,0.1804,0.1968,8.34,-8.34
hybrid,id6475044152,5,26,0.0834,0.0969,13.93,-13.93
hybrid,id6475044152,5,52,0.0332,0.0464,28.42,-28.42
hybrid,id6479984811,5,12,0.2518,0.2803,10.17,-10.17
hybrid,id6479984811,5,26,0.1341,0.152,11.72,-11.72
hybrid,id6479984811,5,52,0.0632,0.0823,23.17,-23.17
hybrid,id6503345402,5,12,0.2343,0.2451,4.41,-4.41
hybrid,id6503345402,5,26,0.1211,0.1268,4.49,-4.49
hybrid,id6503345402,5,52,0.055,0.057,3.38,-3.38
hybrid,id6677033712,5,12,0.1939,0.2153,9.91,-9.91
hybrid,id6677033712,5,26,0.0924,0.104,11.11,-11.11
hybrid,id6677033712,5,52,0.0382,0.0445,14.08,-14.08
hybrid,id6720756581,5,12,0.1757,0.1985,11.47,-11.47
hybrid,id6720756581,5,26,0.0804,0.1025,21.64,-21.64
hybrid,id6720756581,5,52,0.0316,0.0384,17.57,-17.57
hybrid,id6733246935,5,12,0.2299,0.247,6.9,-6.9
hybrid,id6733246935,5,26,0.1178,0.1295,9.02,-9.02
hybrid,id6733246935,5,52,0.053,0.0593,10.58,-10.58
hybrid,id6736480661,5,12,0.2249,0.2275,1.16,-1.16
hybrid,id6736480661,5,26,0.1141,0.113,1.02,1.02
hybrid,id6736480661,5,52,0.0508,0.0468,8.62,8.62
hybrid,id6736709602,5,12,0.2038,0.2093,2.62,-2.62
hybrid,id6736709602,5,26,0.0992,0.1063,6.7,-6.7
hybrid,id6738656024,5,12,0.1967,0.2199,10.55,-10.55
hybrid,id6738656024,5,26,0.0943,0.1178,19.95,-19.95
hybrid,id6738656024,5,52,0.0392,0.0482,18.63,-18.63
hybrid,id6740285942,5,12,0.2016,0.2226,9.43,-9.43
hybrid,id6740285942,5,26,0.0977,0.1089,10.32,-10.32
hybrid,id6740285942,5,52,0.0411,0.0491,16.17,-16.17
hybrid,id6740338198,5,12,0.209,0.2286,8.59,-8.59
hybrid,id6740338198,5,26,0.1028,0.1138,9.67,-9.67
hybrid,id6740338198,5,52,0.0441,0.0479,7.89,-7.89
hybrid,id6742549516,5,12,0.2117,0.2274,6.91,-6.91
hybrid,id6742549516,5,26,0.1047,0.1151,8.98,-8.98
hybrid,id6742549516,5,52,0.0452,0.0513,11.77,-11.77
hybrid,id6743124943,5,12,0.2034,0.2088,2.58,-2.58
hybrid,id6743124943,5,26,0.0989,0.103,3.97,-3.97
hybrid,id6743124943,5,52,0.0419,0.0264,58.51,58.51
hybrid,id6743130633,5,12,0.1756,0.2098,16.27,-16.27
hybrid,id6743130633,5,26,0.0803,0.1037,22.6,-22.6
hybrid,id6743130633,5,52,0.0316,0.0447,29.35,-29.35
hybrid,id6743133841,5,12,0.21,0.2332,9.94,-9.94
hybrid,id6743133841,5,26,0.1035,0.112,7.53,-7.53
hybrid,id6743133841,5,52,0.0445,0.0451,1.19,-1.19
hybrid,id6744300418,5,12,0.2178,0.2349,7.28,-7.28
hybrid,id6744300418,5,26,0.1091,0.1024,6.46,6.46
hybrid,id6744300418,5,52,0.0478,0.0191,149.9,149.9
hybrid,id6744782145,5,12,0.1751,0.1923,8.92,-8.92
hybrid,id6744782145,5,26,0.08,0.1015,21.24,-21.24
hybrid,id6746098146,5,12,0.1555,0.1836,15.28,-15.28
hybrid,id6746098146,5,26,0.0676,0.0773,12.62,-12.62
hybrid,id6746759743,5,12,0.1803,0.1888,4.5,-4.5
hybrid,id6746759743,5,26,0.0833,0.1024,18.59,-18.59
hybrid,id6747645424,5,12,0.1664,0.1961,15.13,-15.13
hybrid,id6747645424,5,26,0.0744,0.1009,26.24,-26.24
hybrid,id6747979383,5,12,0.2038,0.1955,4.23,4.23
hybrid,id6747979383,5,26,0.0992,0.0311,218.8,218.8
hybrid,id6748954100,5,12,0.1945,0.2058,5.49,-5.49
hybrid,id6748954100,5,26,0.0928,0.0567,63.72,63.72
hybrid,id6751760495,5,12,0.1654,0.1828,9.52,-9.52
hybrid,id6751760495,5,26,0.0737,0.0856,13.86,-13.86
hybrid,id6751956241,5,12,0.1573,0.1642,4.18,-4.18
hybrid,id6751956241,5,26,0.0687,0.0481,42.8,42.8
hybrid,id6754024745,5,12,0.1988,0.2099,5.27,-5.27
hybrid,id6754024745,5,26,0.0958,0.0874,9.5,9.5
hybrid,id6756071194,5,12,0.2107,0.1995,5.62,5.62
hybrid,id6756927091,5,12,0.1494,0.2273,34.27,-34.27
hybrid,id6756975937,5,12,0.1591,0.1792,11.24,-11.24
hybrid,id6757916413,5,12,0.1987,0.209,4.91,-4.91
hybrid,id6758091957,5,12,0.1218,0.1282,4.98,-4.98
hybrid,id6758389804,5,12,0.1739,0.1919,9.39,-9.39
hybrid,id6759177171,5,12,0.1383,0.087,59.04,59.04
hybrid,id6759972130,5,12,0.2061,0.1745,18.11,18.11
hybrid,id6469790837,6,12,0.2459,0.2658,7.52,-7.52
hybrid,id6469790837,6,26,0.1297,0.1474,12.01,-12.01
hybrid,id6469790837,6,52,0.0604,0.0757,20.17,-20.17
hybrid,id6473738977,6,12,0.2278,0.2328,2.15,-2.15
hybrid,id6473738977,6,26,0.1163,0.1205,3.5,-3.5
hybrid,id6473738977,6,52,0.0521,0.0584,10.76,-10.76
hybrid,id6475044152,6,12,0.1823,0.1968,7.35,-7.35
hybrid,id6475044152,6,26,0.0847,0.0969,12.6,-12.6
hybrid,id6475044152,6,52,0.0339,0.0464,26.93,-26.93
hybrid,id6479984811,6,12,0.263,0.2803,6.17,-6.17
hybrid,id6479984811,6,26,0.1428,0.152,6.04,-6.04
hybrid,id6479984811,6,52,0.0688,0.0823,16.37,-16.37
hybrid,id6503345402,6,12,0.2328,0.2451,5.05,-5.05
hybrid,id6503345402,6,26,0.1199,0.1268,5.41,-5.41
hybrid,id6503345402,6,52,0.0543,0.057,4.64,-4.64
hybrid,id6677033712,6,12,0.1966,0.2153,8.67,-8.67
hybrid,id6677033712,6,26,0.0943,0.104,9.35,-9.35
hybrid,id6677033712,6,52,0.0392,0.0445,11.79,-11.79
hybrid,id6720756581,6,12,0.1771,0.1985,10.79,-10.79
hybrid,id6720756581,6,26,0.0812,0.1025,20.78,-20.78
hybrid,id6720756581,6,52,0.0321,0.0384,16.35,-16.35
hybrid,id6733246935,6,12,0.2329,0.247,5.68,-5.68
hybrid,id6733246935,6,26,0.12,0.1295,7.33,-7.33
hybrid,id6733246935,6,52,0.0544,0.0593,8.32,-8.32
hybrid,id6736480661,6,12,0.2206,0.2275,3.04,-3.04
hybrid,id6736480661,6,26,0.1111,0.113,1.71,-1.71
hybrid,id6736480661,6,52,0.049,0.0468,4.67,4.67
hybrid,id6736709602,6,12,0.2016,0.2093,3.7,-3.7
hybrid,id6736709602,6,26,0.0976,0.1063,8.16,-8.16
hybrid,id6738656024,6,12,0.2033,0.2199,7.54,-7.54
hybrid,id6738656024,6,26,0.0988,0.1178,16.1,-16.1
hybrid,id6738656024,6,52,0.0418,0.0482,13.29,-13.29
hybrid,id6740285942,6,12,0.2009,0.2226,9.76,-9.76
hybrid,id6740285942,6,26,0.0972,0.1089,10.77,-10.77
hybrid,id6740285942,6,52,0.0409,0.0491,16.75,-16.75
hybrid,id6740338198,6,12,0.2075,0.2286,9.21,-9.21
hybrid,id6740338198,6,26,0.1018,0.1138,10.55,-10.55
hybrid,id6740338198,6,52,0.0435,0.0479,9.1,-9.1
hybrid,id6742549516,6,12,0.212,0.2274,6.81,-6.81
hybrid,id6742549516,6,26,0.1049,0.1151,8.84,-8.84
hybrid,id6742549516,6,52,0.0453,0.0513,11.58,-11.58
hybrid,id6743124943,6,12,0.2029,0.2088,2.85,-2.85
hybrid,id6743124943,6,26,0.0985,0.103,4.36,-4.36
hybrid,id6743124943,6,52,0.0416,0.0264,57.64,57.64
hybrid,id6743130633,6,12,0.1808,0.2098,13.84,-13.84
hybrid,id6743130633,6,26,0.0836,0.1037,19.39,-19.39
hybrid,id6743130633,6,52,0.0334,0.0447,25.37,-25.37
hybrid,id6743133841,6,12,0.2089,0.2332,10.43,-10.43
hybrid,id6743133841,6,26,0.1027,0.112,8.25,-8.25
hybrid,id6743133841,6,52,0.0441,0.0451,2.23,-2.23
hybrid,id6744300418,6,12,0.2206,0.2349,6.08,-6.08
hybrid,id6744300418,6,26,0.1111,0.1024,8.43,8.43
hybrid,id6744300418,6,52,0.049,0.0191,156.18,156.18
hybrid,id6744782145,6,12,0.1745,0.1923,9.24,-9.24
hybrid,id6744782145,6,26,0.0796,0.1015,21.63,-21.63
hybrid,id6746098146,6,12,0.1555,0.1836,15.31,-15.31
hybrid,id6746098146,6,26,0.0675,0.0773,12.67,-12.67
hybrid,id6746759743,6,12,0.1815,0.1888,3.86,-3.86
hybrid,id6746759743,6,26,0.0841,0.1024,17.83,-17.83
hybrid,id6747645424,6,12,0.1698,0.1961,13.43,-13.43
hybrid,id6747645424,6,26,0.0765,0.1009,24.14,-24.14
hybrid,id6747979383,6,12,0.2025,0.1955,3.57,3.57
hybrid,id6747979383,6,26,0.0983,0.0311,215.91,215.91
hybrid,id6748954100,6,12,0.1913,0.2058,7.04,-7.04
hybrid,id6748954100,6,26,0.0906,0.0567,59.92,59.92
hybrid,id6751760495,6,12,0.1693,0.1828,7.42,-7.42
hybrid,id6751760495,6,26,0.0762,0.0856,11.01,-11.01
hybrid,id6751956241,6,12,0.1611,0.1642,1.9,-1.9
hybrid,id6751956241,6,26,0.071,0.0481,47.65,47.65
hybrid,id6754024745,6,12,0.1998,0.2099,4.82,-4.82
hybrid,id6754024745,6,26,0.0964,0.0874,10.25,10.25
hybrid,id6756071194,6,12,0.2097,0.1995,5.12,5.12
hybrid,id6756927091,6,12,0.149,0.2273,34.44,-34.44
hybrid,id6756975937,6,12,0.1596,0.1792,10.96,-10.96
hybrid,id6757916413,6,12,0.2024,0.209,3.17,-3.17
hybrid,id6758091957,6,12,0.1214,0.1282,5.31,-5.31
hybrid,id6758389804,6,12,0.1788,0.1919,6.85,-6.85
hybrid,id6759177171,6,12,0.1373,0.087,57.92,57.92
hybrid,id6759972130,6,12,0.1978,0.1745,13.34,13.34
hybrid,id6469790837,7,12,0.2481,0.2658,6.68,-6.68
hybrid,id6469790837,7,26,0.1313,0.1474,10.88,-10.88
hybrid,id6469790837,7,52,0.0615,0.0757,18.77,-18.77
hybrid,id6473738977,7,12,0.2255,0.2328,3.14,-3.14
hybrid,id6473738977,7,26,0.1146,0.1205,4.89,-4.89
hybrid,id6473738977,7,52,0.0511,0.0584,12.5,-12.5
hybrid,id6475044152,7,12,0.1807,0.1968,8.2,-8.2
hybrid,id6475044152,7,26,0.0836,0.0969,13.74,-13.74
hybrid,id6475044152,7,52,0.0333,0.0464,28.21,-28.21
hybrid,id6479984811,7,12,0.2697,0.2803,3.76,-3.76
hybrid,id6479984811,7,26,0.1481,0.152,2.55,-2.55
hybrid,id6479984811,7,52,0.0723,0.0823,12.13,-12.13
hybrid,id6503345402,7,12,0.2324,0.2451,5.19,-5.19
hybrid,id6503345402,7,26,0.1197,0.1268,5.6,-5.6
hybrid,id6503345402,7,52,0.0542,0.057,4.9,-4.9
hybrid,id6677033712,7,12,0.2006,0.2153,6.82,-6.82
hybrid,id6677033712,7,26,0.097,0.104,6.73,-6.73
hybrid,id6677033712,7,52,0.0408,0.0445,8.32,-8.32
hybrid,id6720756581,7,12,0.1802,0.1985,9.25,-9.25
hybrid,id6720756581,7,26,0.0832,0.1025,18.83,-18.83
hybrid,id6720756581,7,52,0.0332,0.0384,13.56,-13.56
hybrid,id6733246935,7,12,0.2306,0.247,6.62,-6.62
hybrid,id6733246935,7,26,0.1183,0.1295,8.65,-8.65
hybrid,id6733246935,7,52,0.0533,0.0593,10.08,-10.08
hybrid,id6736480661,7,12,0.2186,0.2275,3.91,-3.91
hybrid,id6736480661,7,26,0.1096,0.113,2.97,-2.97
hybrid,id6736480661,7,52,0.0481,0.0468,2.85,2.85
hybrid,id6736709602,7,12,0.1999,0.2093,4.49,-4.49
hybrid,id6736709602,7,26,0.0965,0.1063,9.24,-9.24
hybrid,id6738656024,7,12,0.2034,0.2199,7.51,-7.51
hybrid,id6738656024,7,26,0.0989,0.1178,16.06,-16.06
hybrid,id6738656024,7,52,0.0418,0.0482,13.24,-13.24
hybrid,id6740285942,7,12,0.1985,0.2226,10.8,-10.8
hybrid,id6740285942,7,26,0.0956,0.1089,12.24,-12.24
hybrid,id6740285942,7,52,0.04,0.0491,18.59,-18.59
hybrid,id6740338198,7,12,0.2061,0.2286,9.83,-9.83
hybrid,id6740338198,7,26,0.1008,0.1138,11.42,-11.42
hybrid,id6740338198,7,52,0.0429,0.0479,10.29,-10.29
hybrid,id6742549516,7,12,0.2121,0.2274,6.75,-6.75
hybrid,id6742549516,7,26,0.105,0.1151,8.76,-8.76
hybrid,id6742549516,7,52,0.0454,0.0513,11.48,-11.48
hybrid,id6743124943,7,12,0.202,0.2088,3.26,-3.26
hybrid,id6743124943,7,26,0.098,0.103,4.92,-4.92
hybrid,id6743124943,7,52,0.0413,0.0264,56.39,56.39
hybrid,id6743130633,7,12,0.1831,0.2098,12.7,-12.7
hybrid,id6743130633,7,26,0.0852,0.1037,17.87,-17.87
hybrid,id6743130633,7,52,0.0342,0.0447,23.47,-23.47
hybrid,id6743133841,7,12,0.2101,0.2332,9.91,-9.91
hybrid,id6743133841,7,26,0.1036,0.112,7.49,-7.49
hybrid,id6743133841,7,52,0.0446,0.0451,1.14,-1.14
hybrid,id6744300418,7,12,0.2224,0.2349,5.33,-5.33
hybrid,id6744300418,7,26,0.1124,0.1024,9.67,9.67
hybrid,id6744300418,7,52,0.0497,0.0191,160.17,160.17
hybrid,id6744782145,7,12,0.172,0.1923,10.53,-10.53
hybrid,id6744782145,7,26,0.078,0.1015,23.21,-23.21
hybrid,id6746098146,7,12,0.155,0.1836,15.58,-15.58
hybrid,id6746098146,7,26,0.0672,0.0773,13.06,-13.06
hybrid,id6746759743,7,12,0.1832,0.1888,2.94,-2.94
hybrid,id6746759743,7,26,0.0853,0.1024,16.7,-16.7
hybrid,id6747645424,7,12,0.1711,0.1961,12.76,-12.76
hybrid,id6747645424,7,26,0.0773,0.1009,23.32,-23.32
hybrid,id6747979383,7,12,0.2046,0.1955,4.65,4.65
hybrid,id6747979383,7,26,0.0998,0.0311,220.63,220.63
hybrid,id6748954100,7,12,0.1937,0.2058,5.87,-5.87
hybrid,id6748954100,7,26,0.0923,0.0567,62.79,62.79
hybrid,id6751760495,7,12,0.1715,0.1828,6.17,-6.17
hybrid,id6751760495,7,26,0.0777,0.0856,9.31,-9.31
hybrid,id6751956241,7,12,0.1592,0.1642,3.03,-3.03
hybrid,id6751956241,7,26,0.0699,0.0481,45.24,45.24
hybrid,id6754024745,7,12,0.1971,0.2099,6.08,-6.08
hybrid,id6754024745,7,26,0.0946,0.0874,8.18,8.18
hybrid,id6756071194,7,12,0.21,0.1995,5.23,5.23
hybrid,id6756927091,7,12,0.1527,0.2273,32.84,-32.84
hybrid,id6756975937,7,12,0.1628,0.1792,9.17,-9.17
hybrid,id6757916413,7,12,0.2057,0.209,1.57,-1.57
hybrid,id6758091957,7,12,0.1207,0.1282,5.85,-5.85
hybrid,id6758389804,7,12,0.1786,0.1919,6.92,-6.92
hybrid,id6759177171,7,12,0.1381,0.087,58.81,58.81
hybrid,id6759972130,7,12,0.1942,0.1745,11.29,11.29
hybrid,id6469790837,8,12,0.2475,0.2658,6.92,-6.92
hybrid,id6469790837,8,26,0.1309,0.1474,11.2,-11.2
hybrid,id6469790837,8,52,0.0612,0.0757,19.17,-19.17
hybrid,id6473738977,8,12,0.2229,0.2328,4.23,-4.23
hybrid,id6473738977,8,26,0.1127,0.1205,6.43,-6.43
hybrid,id6473738977,8,52,0.05,0.0584,14.41,-14.41
hybrid,id6475044152,8,12,0.1818,0.1968,7.59,-7.59
hybrid,id6475044152,8,26,0.0844,0.0969,12.93,-12.93
hybrid,id6475044152,8,52,0.0338,0.0464,27.3,-27.3
hybrid,id6479984811,8,12,0.2657,0.2803,5.18,-5.18
hybrid,id6479984811,8,26,0.145,0.152,4.61,-4.61
hybrid,id6479984811,8,52,0.0703,0.0823,14.64,-14.64
hybrid,id6503345402,8,12,0.2287,0.2451,6.69,-6.69
hybrid,id6503345402,8,26,0.117,0.1268,7.73,-7.73
hybrid,id6503345402,8,52,0.0525,0.057,7.79,-7.79
hybrid,id6677033712,8,12,0.2018,0.2153,6.24,-6.24
hybrid,id6677033712,8,26,0.0978,0.104,5.9,-5.9
hybrid,id6677033712,8,52,0.0412,0.0445,7.22,-7.22
hybrid,id6720756581,8,12,0.1827,0.1985,7.96,-7.96
hybrid,id6720756581,8,26,0.0849,0.1025,17.19,-17.19
hybrid,id6720756581,8,52,0.0341,0.0384,11.2,-11.2
hybrid,id6733246935,8,12,0.2294,0.247,7.1,-7.1
hybrid,id6733246935,8,26,0.1175,0.1295,9.31,-9.31
hybrid,id6733246935,8,52,0.0528,0.0593,10.96,-10.96
hybrid,id6736480661,8,12,0.2148,0.2275,5.61,-5.61
hybrid,id6736480661,8,26,0.1069,0.113,5.4,-5.4
hybrid,id6736480661,8,52,0.0465,0.0468,0.62,-0.62
hybrid,id6736709602,8,12,0.196,0.2093,6.33,-6.33
hybrid,id6736709602,8,26,0.0939,0.1063,11.71,-11.71
hybrid,id6738656024,8,12,0.2043,0.2199,7.08,-7.08
hybrid,id6738656024,8,26,0.0995,0.1178,15.5,-15.5
hybrid,id6738656024,8,52,0.0422,0.0482,12.45,-12.45
hybrid,id6740285942,8,12,0.2004,0.2226,9.99,-9.99
hybrid,id6740285942,8,26,0.0968,0.1089,11.09,-11.09
hybrid,id6740285942,8,52,0.0407,0.0491,17.15,-17.15
hybrid,id6740338198,8,12,0.2087,0.2286,8.72,-8.72
hybrid,id6740338198,8,26,0.1026,0.1138,9.85,-9.85
hybrid,id6740338198,8,52,0.044,0.0479,8.14,-8.14
hybrid,id6742549516,8,12,0.2165,0.2274,4.82,-4.82
hybrid,id6742549516,8,26,0.1081,0.1151,6.06,-6.06
hybrid,id6742549516,8,52,0.0472,0.0513,7.91,-7.91
hybrid,id6743124943,8,12,0.2041,0.2088,2.24,-2.24
hybrid,id6743124943,8,26,0.0994,0.103,3.5,-3.5
hybrid,id6743124943,8,52,0.0421,0.0264,59.55,59.55
hybrid,id6743130633,8,12,0.1813,0.2098,13.57,-13.57
hybrid,id6743130633,8,26,0.084,0.1037,19.04,-19.04
hybrid,id6743130633,8,52,0.0336,0.0447,24.93,-24.93
hybrid,id6743133841,8,12,0.2125,0.2332,8.89,-8.89
hybrid,id6743133841,8,26,0.1053,0.112,5.99,-5.99
hybrid,id6743133841,8,52,0.0455,0.0451,1.04,1.04
hybrid,id6744300418,8,12,0.2212,0.2349,5.85,-5.85
hybrid,id6744300418,8,26,0.1115,0.1024,8.81,8.81
hybrid,id6744300418,8,52,0.0492,0.0191,157.39,157.39
hybrid,id6744782145,8,12,0.1711,0.1923,10.98,-10.98
hybrid,id6744782145,8,26,0.0774,0.1015,23.75,-23.75
hybrid,id6746098146,8,12,0.154,0.1836,16.09,-16.09
hybrid,id6746098146,8,26,0.0667,0.0773,13.8,-13.8
hybrid,id6746759743,8,12,0.1851,0.1888,1.96,-1.96
hybrid,id6746759743,8,26,0.0865,0.1024,15.51,-15.51
hybrid,id6747645424,8,12,0.1756,0.1961,10.47,-10.47
hybrid,id6747645424,8,26,0.0803,0.1009,20.44,-20.44
hybrid,id6747979383,8,12,0.2043,0.1955,4.49,4.49
hybrid,id6747979383,8,26,0.0995,0.0311,219.95,219.95
hybrid,id6748954100,8,12,0.1923,0.2058,6.53,-6.53
hybrid,id6748954100,8,26,0.0914,0.0567,61.18,61.18
hybrid,id6751760495,8,12,0.1756,0.1828,3.95,-3.95
hybrid,id6751760495,8,26,0.0803,0.0856,6.24,-6.24
hybrid,id6751956241,8,12,0.1582,0.1642,3.64,-3.64
hybrid,id6751956241,8,26,0.0692,0.0481,43.95,43.95
hybrid,id6754024745,8,12,0.1924,0.2099,8.32,-8.32
hybrid,id6754024745,8,26,0.0914,0.0874,4.52,4.52
hybrid,id6756071194,8,12,0.2073,0.1995,3.91,3.91
hybrid,id6756927091,8,12,0.1494,0.2273,34.27,-34.27
hybrid,id6756975937,8,12,0.1636,0.1792,8.72,-8.72
hybrid,id6757916413,8,12,0.2101,0.209,0.52,0.52
hybrid,id6758091957,8,12,0.1214,0.1282,5.34,-5.34
hybrid,id6758389804,8,12,0.1833,0.1919,4.48,-4.48
hybrid,id6759177171,8,12,0.1364,0.087,56.91,56.91
hybrid,id6759972130,8,12,0.1914,0.1745,9.68,9.68
hybrid_v2,id6469790837,1,12,0.2191,0.2658,17.58,-17.58
hybrid_v2,id6469790837,1,26,0.11,0.1474,25.36,-25.36
hybrid_v2,id6469790837,1,52,0.0483,0.0757,36.13,-36.13
hybrid_v2,id6473738977,1,12,0.1998,0.2328,14.16,-14.16
hybrid_v2,id6473738977,1,26,0.0965,0.1205,19.94,-19.94
hybrid_v2,id6473738977,1,52,0.0405,0.0584,30.69,-30.69
hybrid_v2,id6475044152,1,12,0.181,0.1968,8.03,-8.03
hybrid_v2,id6475044152,1,26,0.0838,0.0969,13.51,-13.51
hybrid_v2,id6475044152,1,52,0.0335,0.0464,27.95,-27.95
hybrid_v2,id6479984811,1,12,0.2232,0.2803,20.36,-20.36
hybrid_v2,id6479984811,1,26,0.1129,0.152,25.69,-25.69
hybrid_v2,id6479984811,1,52,0.0501,0.0823,39.17,-39.17
hybrid_v2,id6503345402,1,12,0.2243,0.2451,8.5,-8.5
hybrid_v2,id6503345402,1,26,0.1137,0.1268,10.28,-10.28
hybrid_v2,id6503345402,1,52,0.0506,0.057,11.23,-11.23
hybrid_v2,id6677033712,1,12,0.1963,0.2153,8.83,-8.83
hybrid_v2,id6677033712,1,26,0.094,0.104,9.59,-9.59
hybrid_v2,id6677033712,1,52,0.0391,0.0445,12.1,-12.1
hybrid_v2,id6720756581,1,12,0.1784,0.1985,10.13,-10.13
hybrid_v2,id6720756581,1,26,0.0821,0.1025,19.95,-19.95
hybrid_v2,id6720756581,1,52,0.0325,0.0384,15.17,-15.17
hybrid_v2,id6733246935,1,12,0.2225,0.247,9.89,-9.89
hybrid_v2,id6733246935,1,26,0.1125,0.1295,13.18,-13.18
hybrid_v2,id6733246935,1,52,0.0498,0.0593,16.07,-16.07
hybrid_v2,id6736480661,1,12,0.2245,0.2275,1.34,-1.34
hybrid_v2,id6736480661,1,26,0.1139,0.113,0.76,0.76
hybrid_v2,id6736480661,1,52,0.0506,0.0468,8.25,8.25
hybrid_v2,id6736709602,1,12,0.2118,0.2093,1.21,1.21
hybrid_v2,id6736709602,1,26,0.1048,0.1063,1.43,-1.43
hybrid_v2,id6738656024,1,12,0.2177,0.2199,0.99,-0.99
hybrid_v2,id6738656024,1,26,0.109,0.1178,7.5,-7.5
hybrid_v2,id6738656024,1,52,0.0477,0.0482,1.05,-1.05
hybrid_v2,id6740285942,1,12,0.2274,0.2226,2.15,2.15
hybrid_v2,id6740285942,1,26,0.116,0.1089,6.49,6.49
hybrid_v2,id6740285942,1,52,0.0519,0.0491,5.75,5.75
hybrid_v2,id6740338198,1,12,0.2421,0.2286,5.92,5.92
hybrid_v2,id6740338198,1,26,0.1269,0.1138,11.47,11.47
hybrid_v2,id6740338198,1,52,0.0586,0.0479,22.48,22.48
hybrid_v2,id6742549516,1,12,0.2274,0.2274,0.04,-0.04
hybrid_v2,id6742549516,1,26,0.1159,0.1151,0.76,0.76
hybrid_v2,id6742549516,1,52,0.0519,0.0513,1.25,1.25
hybrid_v2,id6743124943,1,12,0.2255,0.2088,8.0,8.0
hybrid_v2,id6743124943,1,26,0.1146,0.103,11.24,11.24
hybrid_v2,id6743124943,1,52,0.0511,0.0264,93.39,93.39
hybrid_v2,id6743130633,1,12,0.1587,0.2098,24.34,-24.34
hybrid_v2,id6743130633,1,26,0.0696,0.1037,32.95,-32.95
hybrid_v2,id6743130633,1,52,0.026,0.0447,41.78,-41.78
hybrid_v2,id6743133841,1,12,0.2319,0.2332,0.57,-0.57
hybrid_v2,id6743133841,1,26,0.1193,0.112,6.5,6.5
hybrid_v2,id6743133841,1,52,0.0539,0.0451,19.63,19.63
hybrid_v2,id6744300418,1,12,0.2442,0.2349,3.94,3.94
hybrid_v2,id6744300418,1,26,0.1284,0.1024,25.35,25.35
hybrid_v2,id6744300418,1,52,0.0596,0.0191,211.8,211.8
hybrid_v2,id6744782145,1,12,0.2147,0.1923,11.65,11.65
hybrid_v2,id6744782145,1,26,0.1068,0.1015,5.23,5.23
hybrid_v2,id6746098146,1,12,0.1959,0.1836,6.74,6.74
hybrid_v2,id6746098146,1,26,0.0938,0.0773,21.27,21.27
hybrid_v2,id6746759743,1,12,0.2054,0.1888,8.81,8.81
hybrid_v2,id6746759743,1,26,0.1003,0.1024,2.0,-2.0
hybrid_v2,id6747645424,1,12,0.18,0.1961,8.19,-8.19
hybrid_v2,id6747645424,1,26,0.0832,0.1009,17.55,-17.55
hybrid_v2,id6747979383,1,12,0.212,0.1955,8.46,8.46
hybrid_v2,id6747979383,1,26,0.105,0.0311,237.37,237.37
hybrid_v2,id6748954100,1,12,0.2065,0.2058,0.34,0.34
hybrid_v2,id6748954100,1,26,0.101,0.0567,78.28,78.28
hybrid_v2,id6751760495,1,12,0.1827,0.1828,0.06,-0.06
hybrid_v2,id6751760495,1,26,0.0849,0.0856,0.81,-0.81
hybrid_v2,id6751956241,1,12,0.1499,0.1642,8.72,-8.72
hybrid_v2,id6751956241,1,26,0.0641,0.0481,33.33,33.33
hybrid_v2,id6754024745,1,12,0.2119,0.2099,0.95,0.95
hybrid_v2,id6754024745,1,26,0.1048,0.0874,19.88,19.88
hybrid_v2,id6756071194,1,12,0.2265,0.1995,13.51,13.51
hybrid_v2,id6756927091,1,12,0.1848,0.2273,18.68,-18.68
hybrid_v2,id6756975937,1,12,0.1727,0.1792,3.66,-3.66
hybrid_v2,id6757916413,1,12,0.2087,0.209,0.13,-0.13
hybrid_v2,id6758091957,1,12,0.1563,0.1282,21.88,21.88
hybrid_v2,id6758389804,1,12,0.1871,0.1919,2.51,-2.51
hybrid_v2,id6759177171,1,12,0.1737,0.087,99.81,99.81
hybrid_v2,id6759972130,1,12,0.2231,0.1745,27.84,27.84
hybrid_v2,id6469790837,2,12,0.2229,0.2658,16.17,-16.17
hybrid_v2,id6469790837,2,26,0.1127,0.1474,23.53,-23.53
hybrid_v2,id6469790837,2,52,0.0499,0.0757,34.0,-34.0
hybrid_v2,id6473738977,2,12,0.2122,0.2328,8.86,-8.86
hybrid_v2,id6473738977,2,26,0.1051,0.1205,12.8,-12.8
hybrid_v2,id6473738977,2,52,0.0454,0.0584,22.21,-22.21
hybrid_v2,id6475044152,2,12,0.1884,0.1968,4.27,-4.27
hybrid_v2,id6475044152,2,26,0.0887,0.0969,8.45,-8.45
hybrid_v2,id6475044152,2,52,0.0361,0.0464,22.21,-22.21
hybrid_v2,id6479984811,2,12,0.2373,0.2803,15.31,-15.31
hybrid_v2,id6479984811,2,26,0.1233,0.152,18.87,-18.87
hybrid_v2,id6479984811,2,52,0.0564,0.0823,31.48,-31.48
hybrid_v2,id6503345402,2,12,0.2394,0.2451,2.36,-2.36
hybrid_v2,id6503345402,2,26,0.1248,0.1268,1.54,-1.54
hybrid_v2,id6503345402,2,52,0.0573,0.057,0.68,0.68
hybrid_v2,id6677033712,2,12,0.2024,0.2153,6.0,-6.0
hybrid_v2,id6677033712,2,26,0.0982,0.104,5.56,-5.56
hybrid_v2,id6677033712,2,52,0.0415,0.0445,6.76,-6.76
hybrid_v2,id6720756581,2,12,0.1746,0.1985,12.04,-12.04
hybrid_v2,id6720756581,2,26,0.0796,0.1025,22.36,-22.36
hybrid_v2,id6720756581,2,52,0.0312,0.0384,18.59,-18.59
hybrid_v2,id6733246935,2,12,0.2277,0.247,7.82,-7.82
hybrid_v2,id6733246935,2,26,0.1162,0.1295,10.31,-10.31
hybrid_v2,id6733246935,2,52,0.052,0.0593,12.29,-12.29
hybrid_v2,id6736480661,2,12,0.2309,0.2275,1.47,1.47
hybrid_v2,id6736480661,2,26,0.1185,0.113,4.89,4.89
hybrid_v2,id6736480661,2,52,0.0535,0.0468,14.29,14.29
hybrid_v2,id6736709602,2,12,0.2178,0.2093,4.06,4.06
hybrid_v2,id6736709602,2,26,0.109,0.1063,2.56,2.56
hybrid_v2,id6738656024,2,12,0.224,0.2199,1.89,1.89
hybrid_v2,id6738656024,2,26,0.1135,0.1178,3.63,-3.63
hybrid_v2,id6738656024,2,52,0.0504,0.0482,4.59,4.59
hybrid_v2,id6740285942,2,12,0.229,0.2226,2.87,2.87
hybrid_v2,id6740285942,2,26,0.1171,0.1089,7.55,7.55
hybrid_v2,id6740285942,2,52,0.0526,0.0491,7.19,7.19
hybrid_v2,id6740338198,2,12,0.2389,0.2286,4.49,4.49
hybrid_v2,id6740338198,2,26,0.1244,0.1138,9.33,9.33
hybrid_v2,id6740338198,2,52,0.0571,0.0479,19.3,19.3
hybrid_v2,id6742549516,2,12,0.2265,0.2274,0.43,-0.43
hybrid_v2,id6742549516,2,26,0.1153,0.1151,0.19,0.19
hybrid_v2,id6742549516,2,52,0.0515,0.0513,0.48,0.48
hybrid_v2,id6743124943,2,12,0.2318,0.2088,10.99,10.99
hybrid_v2,id6743124943,2,26,0.1192,0.103,15.65,15.65
hybrid_v2,id6743124943,2,52,0.0539,0.0264,103.87,103.87
hybrid_v2,id6743130633,2,12,0.1711,0.2098,18.42,-18.42
hybrid_v2,id6743130633,2,26,0.0774,0.1037,25.4,-25.4
hybrid_v2,id6743130633,2,52,0.0301,0.0447,32.78,-32.78
hybrid_v2,id6743133841,2,12,0.2448,0.2332,4.95,4.95
hybrid_v2,id6743133841,2,26,0.1288,0.112,15.06,15.06
hybrid_v2,id6743133841,2,52,0.0599,0.0451,32.85,32.85
hybrid_v2,id6744300418,2,12,0.2445,0.2349,4.07,4.07
hybrid_v2,id6744300418,2,26,0.1286,0.1024,25.57,25.57
hybrid_v2,id6744300418,2,52,0.0597,0.0191,212.56,212.56
hybrid_v2,id6744782145,2,12,0.2011,0.1923,4.59,4.59
hybrid_v2,id6744782145,2,26,0.0973,0.1015,4.14,-4.14
hybrid_v2,id6746098146,2,12,0.1975,0.1836,7.59,7.59
hybrid_v2,id6746098146,2,26,0.0949,0.0773,22.64,22.64
hybrid_v2,id6746759743,2,12,0.199,0.1888,5.4,5.4
hybrid_v2,id6746759743,2,26,0.0959,0.1024,6.34,-6.34
hybrid_v2,id6747645424,2,12,0.1727,0.1961,11.95,-11.95
hybrid_v2,id6747645424,2,26,0.0784,0.1009,22.3,-22.3
hybrid_v2,id6747979383,2,12,0.2063,0.1955,5.54,5.54
hybrid_v2,id6747979383,2,26,0.101,0.0311,224.52,224.52
hybrid_v2,id6748954100,2,12,0.2058,0.2058,0.04,0.04
hybrid_v2,id6748954100,2,26,0.1006,0.0567,77.53,77.53
hybrid_v2,id6751760495,2,12,0.1803,0.1828,1.4,-1.4
hybrid_v2,id6751760495,2,26,0.0833,0.0856,2.7,-2.7
hybrid_v2,id6751956241,2,12,0.1556,0.1642,5.2,-5.2
hybrid_v2,id6751956241,2,26,0.0677,0.0481,40.66,40.66
hybrid_v2,id6754024745,2,12,0.2192,0.2099,4.47,4.47
hybrid_v2,id6754024745,2,26,0.1101,0.0874,25.9,25.9
hybrid_v2,id6756071194,2,12,0.2216,0.1995,11.09,11.09
hybrid_v2,id6756927091,2,12,0.1679,0.2273,26.13,-26.13
hybrid_v2,id6756975937,2,12,0.1602,0.1792,10.63,-10.63
hybrid_v2,id6757916413,2,12,0.2017,0.209,3.48,-3.48
hybrid_v2,id6758091957,2,12,0.1441,0.1282,12.38,12.38
hybrid_v2,id6758389804,2,12,0.1739,0.1919,9.41,-9.41
hybrid_v2,id6759177171,2,12,0.1563,0.087,79.72,79.72
hybrid_v2,id6759972130,2,12,0.2242,0.1745,28.44,28.44
hybrid_v2,id6469790837,3,12,0.2357,0.2658,11.33,-11.33
hybrid_v2,id6469790837,3,26,0.1221,0.1474,17.15,-17.15
hybrid_v2,id6469790837,3,52,0.0557,0.0757,26.43,-26.43
hybrid_v2,id6473738977,3,12,0.2274,0.2328,2.31,-2.31
hybrid_v2,id6473738977,3,26,0.116,0.1205,3.74,-3.74
hybrid_v2,id6473738977,3,52,0.0519,0.0584,11.06,-11.06
hybrid_v2,id6475044152,3,12,0.1912,0.1968,2.86,-2.86
hybrid_v2,id6475044152,3,26,0.0906,0.0969,6.53,-6.53
hybrid_v2,id6475044152,3,52,0.0372,0.0464,19.99,-19.99
hybrid_v2,id6479984811,3,12,0.2486,0.2803,11.28,-11.28
hybrid_v2,id6479984811,3,26,0.1318,0.152,13.28,-13.28
hybrid_v2,id6479984811,3,52,0.0617,0.0823,25.01,-25.01
hybrid_v2,id6503345402,3,12,0.2431,0.2451,0.84,-0.84
hybrid_v2,id6503345402,3,26,0.1276,0.1268,0.65,0.65
hybrid_v2,id6503345402,3,52,0.0591,0.057,3.73,3.73
hybrid_v2,id6677033712,3,12,0.2009,0.2153,6.66,-6.66
hybrid_v2,id6677033712,3,26,0.0972,0.104,6.51,-6.51
hybrid_v2,id6677033712,3,52,0.0409,0.0445,8.03,-8.03
hybrid_v2,id6720756581,3,12,0.1738,0.1985,12.43,-12.43
hybrid_v2,id6720756581,3,26,0.0791,0.1025,22.84,-22.84
hybrid_v2,id6720756581,3,52,0.031,0.0384,19.27,-19.27
hybrid_v2,id6733246935,3,12,0.2365,0.247,4.23,-4.23
hybrid_v2,id6733246935,3,26,0.1227,0.1295,5.28,-5.28
hybrid_v2,id6733246935,3,52,0.056,0.0593,5.56,-5.56
hybrid_v2,id6736480661,3,12,0.2371,0.2275,4.21,4.21
hybrid_v2,id6736480661,3,26,0.1231,0.113,8.96,8.96
hybrid_v2,id6736480661,3,52,0.0563,0.0468,20.35,20.35
hybrid_v2,id6736709602,3,12,0.2183,0.2093,4.32,4.32
hybrid_v2,id6736709602,3,26,0.1094,0.1063,2.92,2.92
hybrid_v2,id6738656024,3,12,0.2217,0.2199,0.81,0.81
hybrid_v2,id6738656024,3,26,0.1118,0.1178,5.08,-5.08
hybrid_v2,id6738656024,3,52,0.0494,0.0482,2.46,2.46
hybrid_v2,id6740285942,3,12,0.225,0.2226,1.08,1.08
hybrid_v2,id6740285942,3,26,0.1142,0.1089,4.89,4.89
hybrid_v2,id6740285942,3,52,0.0509,0.0491,3.61,3.61
hybrid_v2,id6740338198,3,12,0.2305,0.2286,0.85,0.85
hybrid_v2,id6740338198,3,26,0.1183,0.1138,3.92,3.92
hybrid_v2,id6740338198,3,52,0.0533,0.0479,11.37,11.37
hybrid_v2,id6742549516,3,12,0.2257,0.2274,0.76,-0.76
hybrid_v2,id6742549516,3,26,0.1147,0.1151,0.28,-0.28
hybrid_v2,id6742549516,3,52,0.0512,0.0513,0.17,-0.17
hybrid_v2,id6743124943,3,12,0.2213,0.2088,5.98,5.98
hybrid_v2,id6743124943,3,26,0.1116,0.103,8.28,8.28
hybrid_v2,id6743124943,3,52,0.0493,0.0264,86.45,86.45
hybrid_v2,id6743130633,3,12,0.1776,0.2098,15.34,-15.34
hybrid_v2,id6743130633,3,26,0.0816,0.1037,21.38,-21.38
hybrid_v2,id6743130633,3,52,0.0323,0.0447,27.85,-27.85
hybrid_v2,id6743133841,3,12,0.2326,0.2332,0.28,-0.28
hybrid_v2,id6743133841,3,26,0.1198,0.112,6.95,6.95
hybrid_v2,id6743133841,3,52,0.0542,0.0451,20.31,20.31
hybrid_v2,id6744300418,3,12,0.237,0.2349,0.9,0.9
hybrid_v2,id6744300418,3,26,0.1231,0.1024,20.13,20.13
hybrid_v2,id6744300418,3,52,0.0563,0.0191,194.33,194.33
hybrid_v2,id6744782145,3,12,0.1926,0.1923,0.2,0.2
hybrid_v2,id6744782145,3,26,0.0916,0.1015,9.8,-9.8
hybrid_v2,id6746098146,3,12,0.1972,0.1836,7.44,7.44
hybrid_v2,id6746098146,3,26,0.0947,0.0773,22.41,22.41
hybrid_v2,id6746759743,3,12,0.1934,0.1888,2.47,2.47
hybrid_v2,id6746759743,3,26,0.0921,0.1024,10.03,-10.03
hybrid_v2,id6747645424,3,12,0.1696,0.1961,13.53,-13.53
hybrid_v2,id6747645424,3,26,0.0764,0.1009,24.27,-24.27
hybrid_v2,id6747979383,3,12,0.2154,0.1955,10.16,10.16
hybrid_v2,id6747979383,3,26,0.1073,0.0311,244.94,244.94
hybrid_v2,id6748954100,3,12,0.2041,0.2058,0.79,-0.79
hybrid_v2,id6748954100,3,26,0.0994,0.0567,75.43,75.43
hybrid_v2,id6751760495,3,12,0.179,0.1828,2.08,-2.08
hybrid_v2,id6751760495,3,26,0.0825,0.0856,3.64,-3.64
hybrid_v2,id6751956241,3,12,0.1603,0.1642,2.38,-2.38
hybrid_v2,id6751956241,3,26,0.0705,0.0481,46.61,46.61
hybrid_v2,id6754024745,3,12,0.2219,0.2099,5.73,5.73
hybrid_v2,id6754024745,3,26,0.112,0.0874,28.07,28.07
hybrid_v2,id6756071194,3,12,0.2163,0.1995,8.41,8.41
hybrid_v2,id6756927091,3,12,0.1665,0.2273,26.75,-26.75
hybrid_v2,id6756975937,3,12,0.1608,0.1792,10.3,-10.3
hybrid_v2,id6757916413,3,12,0.2037,0.209,2.51,-2.51
hybrid_v2,id6758091957,3,12,0.1367,0.1282,6.62,6.62
hybrid_v2,id6758389804,3,12,0.1759,0.1919,8.37,-8.37
hybrid_v2,id6759177171,3,12,0.1569,0.087,80.49,80.49
hybrid_v2,id6759972130,3,12,0.2241,0.1745,28.44,28.44
hybrid_v2,id6469790837,4,12,0.247,0.2658,7.09,-7.09
hybrid_v2,id6469790837,4,26,0.1305,0.1474,11.44,-11.44
hybrid_v2,id6469790837,4,52,0.0609,0.0757,19.46,-19.46
hybrid_v2,id6473738977,4,12,0.2364,0.2328,1.57,1.57
hybrid_v2,id6473738977,4,26,0.1226,0.1205,1.78,1.78
hybrid_v2,id6473738977,4,52,0.056,0.0584,4.09,-4.09
hybrid_v2,id6475044152,4,12,0.1983,0.1968,0.77,0.77
hybrid_v2,id6475044152,4,26,0.0954,0.0969,1.52,-1.52
hybrid_v2,id6475044152,4,52,0.0399,0.0464,14.15,-14.15
hybrid_v2,id6479984811,4,12,0.2564,0.2803,8.5,-8.5
hybrid_v2,id6479984811,4,26,0.1377,0.152,9.37,-9.37
hybrid_v2,id6479984811,4,52,0.0655,0.0823,20.37,-20.37
hybrid_v2,id6503345402,4,12,0.2446,0.2451,0.22,-0.22
hybrid_v2,id6503345402,4,26,0.1287,0.1268,1.55,1.55
hybrid_v2,id6503345402,4,52,0.0598,0.057,5.0,5.0
hybrid_v2,id6677033712,4,12,0.2028,0.2153,5.81,-5.81
hybrid_v2,id6677033712,4,26,0.0985,0.104,5.28,-5.28
hybrid_v2,id6677033712,4,52,0.0416,0.0445,6.39,-6.39
hybrid_v2,id6720756581,4,12,0.1825,0.1985,8.08,-8.08
hybrid_v2,id6720756581,4,26,0.0848,0.1025,17.35,-17.35
hybrid_v2,id6720756581,4,52,0.034,0.0384,11.42,-11.42
hybrid_v2,id6733246935,4,12,0.2374,0.247,3.88,-3.88
hybrid_v2,id6733246935,4,26,0.1233,0.1295,4.78,-4.78
hybrid_v2,id6733246935,4,52,0.0564,0.0593,4.89,-4.89
hybrid_v2,id6736480661,4,12,0.2411,0.2275,5.95,5.95
hybrid_v2,id6736480661,4,26,0.1261,0.113,11.57,11.57
hybrid_v2,id6736480661,4,52,0.0581,0.0468,24.28,24.28
hybrid_v2,id6736709602,4,12,0.2179,0.2093,4.1,4.1
hybrid_v2,id6736709602,4,26,0.1091,0.1063,2.61,2.61
hybrid_v2,id6738656024,4,12,0.2131,0.2199,3.07,-3.07
hybrid_v2,id6738656024,4,26,0.1057,0.1178,10.25,-10.25
hybrid_v2,id6738656024,4,52,0.0458,0.0482,5.02,-5.02
hybrid_v2,id6740285942,4,12,0.2164,0.2226,2.77,-2.77
hybrid_v2,id6740285942,4,26,0.1081,0.1089,0.76,-0.76
hybrid_v2,id6740285942,4,52,0.0472,0.0491,3.87,-3.87
hybrid_v2,id6740338198,4,12,0.223,0.2286,2.43,-2.43
hybrid_v2,id6740338198,4,26,0.1128,0.1138,0.88,-0.88
hybrid_v2,id6740338198,4,52,0.05,0.0479,4.46,4.46
hybrid_v2,id6742549516,4,12,0.221,0.2274,2.84,-2.84
hybrid_v2,id6742549516,4,26,0.1113,0.1151,3.25,-3.25
hybrid_v2,id6742549516,4,52,0.0491,0.0513,4.17,-4.17
hybrid_v2,id6743124943,4,12,0.2185,0.2088,4.66,4.66
hybrid_v2,id6743124943,4,26,0.1096,0.103,6.36,6.36
hybrid_v2,id6743124943,4,52,0.0481,0.0264,82.0,82.0
hybrid_v2,id6743130633,4,12,0.1881,0.2098,10.35,-10.35
hybrid_v2,id6743130633,4,26,0.0885,0.1037,14.71,-14.71
hybrid_v2,id6743130633,4,52,0.036,0.0447,19.47,-19.47
hybrid_v2,id6743133841,4,12,0.2254,0.2332,3.33,-3.33
hybrid_v2,id6743133841,4,26,0.1146,0.112,2.3,2.3
hybrid_v2,id6743133841,4,52,0.0511,0.0451,13.29,13.29
hybrid_v2,id6744300418,4,12,0.2331,0.2349,0.79,-0.79
hybrid_v2,id6744300418,4,26,0.1201,0.1024,17.27,17.27
hybrid_v2,id6744300418,4,52,0.0545,0.0191,184.88,184.88
hybrid_v2,id6744782145,4,12,0.1936,0.1923,0.69,0.69
hybrid_v2,id6744782145,4,26,0.0922,0.1015,9.18,-9.18
hybrid_v2,id6746098146,4,12,0.1888,0.1836,2.87,2.87
hybrid_v2,id6746098146,4,26,0.089,0.0773,15.07,15.07
hybrid_v2,id6746759743,4,12,0.1903,0.1888,0.79,0.79
hybrid_v2,id6746759743,4,26,0.09,0.1024,12.12,-12.12
hybrid_v2,id6747645424,4,12,0.1686,0.1961,14.02,-14.02
hybrid_v2,id6747645424,4,26,0.0758,0.1009,24.88,-24.88
hybrid_v2,id6747979383,4,12,0.2156,0.1955,10.28,10.28
hybrid_v2,id6747979383,4,26,0.1075,0.0311,245.49,245.49
hybrid_v2,id6748954100,4,12,0.2023,0.2058,1.7,-1.7
hybrid_v2,id6748954100,4,26,0.0981,0.0567,73.14,73.14
hybrid_v2,id6751760495,4,12,0.1771,0.1828,3.14,-3.14
hybrid_v2,id6751760495,4,26,0.0812,0.0856,5.12,-5.12
hybrid_v2,id6751956241,4,12,0.163,0.1642,0.74,-0.74
hybrid_v2,id6751956241,4,26,0.0722,0.0481,50.11,50.11
hybrid_v2,id6754024745,4,12,0.2333,0.2099,11.15,11.15
hybrid_v2,id6754024745,4,26,0.1203,0.0874,37.55,37.55
hybrid_v2,id6756071194,4,12,0.2189,0.1995,9.71,9.71
hybrid_v2,id6756927091,4,12,0.1685,0.2273,25.87,-25.87
hybrid_v2,id6756975937,4,12,0.1664,0.1792,7.18,-7.18
hybrid_v2,id6757916413,4,12,0.2074,0.209,0.77,-0.77
hybrid_v2,id6758091957,4,12,0.1343,0.1282,4.74,4.74
hybrid_v2,id6758389804,4,12,0.1763,0.1919,8.12,-8.12
hybrid_v2,id6759177171,4,12,0.154,0.087,77.05,77.05
hybrid_v2,id6759972130,4,12,0.2249,0.1745,28.86,28.86
hybrid_v2,id6469790837,5,12,0.2512,0.2658,5.5,-5.5
hybrid_v2,id6469790837,5,26,0.1337,0.1474,9.26,-9.26
hybrid_v2,id6469790837,5,52,0.063,0.0757,16.76,-16.76
hybrid_v2,id6473738977,5,12,0.2357,0.2328,1.24,1.24
hybrid_v2,id6473738977,5,26,0.1221,0.1205,1.32,1.32
hybrid_v2,id6473738977,5,52,0.0556,0.0584,4.68,-4.68
hybrid_v2,id6475044152,5,12,0.1949,0.1968,0.94,-0.94
hybrid_v2,id6475044152,5,26,0.0931,0.0969,3.89,-3.89
hybrid_v2,id6475044152,5,52,0.0386,0.0464,16.93,-16.93
hybrid_v2,id6479984811,5,12,0.2644,0.2803,5.66,-5.66
hybrid_v2,id6479984811,5,26,0.1439,0.152,5.31,-5.31
hybrid_v2,id6479984811,5,52,0.0696,0.0823,15.49,-15.49
hybrid_v2,id6503345402,5,12,0.2473,0.2451,0.88,0.88
hybrid_v2,id6503345402,5,26,0.1308,0.1268,3.16,3.16
hybrid_v2,id6503345402,5,52,0.0611,0.057,7.27,7.27
hybrid_v2,id6677033712,5,12,0.2052,0.2153,4.69,-4.69
hybrid_v2,id6677033712,5,26,0.1002,0.104,3.68,-3.68
hybrid_v2,id6677033712,5,52,0.0426,0.0445,4.24,-4.24
hybrid_v2,id6720756581,5,12,0.1841,0.1985,7.26,-7.26
hybrid_v2,id6720756581,5,26,0.0858,0.1025,16.29,-16.29
hybrid_v2,id6720756581,5,52,0.0346,0.0384,9.89,-9.89
hybrid_v2,id6733246935,5,12,0.2434,0.247,1.47,-1.47
hybrid_v2,id6733246935,5,26,0.1278,0.1295,1.35,-1.35
hybrid_v2,id6733246935,5,52,0.0592,0.0593,0.2,-0.2
hybrid_v2,id6736480661,5,12,0.2368,0.2275,4.1,4.1
hybrid_v2,id6736480661,5,26,0.1229,0.113,8.79,8.79
hybrid_v2,id6736480661,5,52,0.0562,0.0468,20.1,20.1
hybrid_v2,id6736709602,5,12,0.215,0.2093,2.74,2.74
hybrid_v2,id6736709602,5,26,0.1071,0.1063,0.71,0.71
hybrid_v2,id6738656024,5,12,0.2089,0.2199,4.98,-4.98
hybrid_v2,id6738656024,5,26,0.1028,0.1178,12.77,-12.77
hybrid_v2,id6738656024,5,52,0.0441,0.0482,8.6,-8.6
hybrid_v2,id6740285942,5,12,0.2128,0.2226,4.41,-4.41
hybrid_v2,id6740285942,5,26,0.1055,0.1089,3.15,-3.15
hybrid_v2,id6740285942,5,52,0.0457,0.0491,6.99,-6.99
hybrid_v2,id6740338198,5,12,0.22,0.2286,3.77,-3.77
hybrid_v2,id6740338198,5,26,0.1106,0.1138,2.81,-2.81
hybrid_v2,id6740338198,5,52,0.0487,0.0479,1.71,1.71
hybrid_v2,id6742549516,5,12,0.2225,0.2274,2.15,-2.15
hybrid_v2,id6742549516,5,26,0.1125,0.1151,2.28,-2.28
hybrid_v2,id6742549516,5,52,0.0498,0.0513,2.86,-2.86
hybrid_v2,id6743124943,5,12,0.2145,0.2088,2.73,2.73
hybrid_v2,id6743124943,5,26,0.1067,0.103,3.58,3.58
hybrid_v2,id6743124943,5,52,0.0464,0.0264,75.59,75.59
hybrid_v2,id6743130633,5,12,0.1906,0.2098,9.13,-9.13
hybrid_v2,id6743130633,5,26,0.0902,0.1037,13.06,-13.06
hybrid_v2,id6743130633,5,52,0.037,0.0447,17.36,-17.36
hybrid_v2,id6743133841,5,12,0.2208,0.2332,5.3,-5.3
hybrid_v2,id6743133841,5,26,0.1112,0.112,0.67,-0.67
hybrid_v2,id6743133841,5,52,0.0491,0.0451,8.86,8.86
hybrid_v2,id6744300418,5,12,0.2292,0.2349,2.45,-2.45
hybrid_v2,id6744300418,5,26,0.1173,0.1024,14.47,14.47
hybrid_v2,id6744300418,5,52,0.0527,0.0191,175.7,175.7
hybrid_v2,id6744782145,5,12,0.1866,0.1923,2.93,-2.93
hybrid_v2,id6744782145,5,26,0.0875,0.1015,13.78,-13.78
hybrid_v2,id6746098146,5,12,0.187,0.1836,1.85,1.85
hybrid_v2,id6746098146,5,26,0.0877,0.0773,13.45,13.45
hybrid_v2,id6746759743,5,12,0.1909,0.1888,1.14,1.14
hybrid_v2,id6746759743,5,26,0.0904,0.1024,11.69,-11.69
hybrid_v2,id6747645424,5,12,0.1759,0.1961,10.28,-10.28
hybrid_v2,id6747645424,5,26,0.0805,0.1009,20.21,-20.21
hybrid_v2,id6747979383,5,12,0.2216,0.1955,13.36,13.36
hybrid_v2,id6747979383,5,26,0.1118,0.0311,259.32,259.32
hybrid_v2,id6748954100,5,12,0.2054,0.2058,0.16,-0.16
hybrid_v2,id6748954100,5,26,0.1003,0.0567,77.02,77.02
hybrid_v2,id6751760495,5,12,0.1752,0.1828,4.16,-4.16
hybrid_v2,id6751760495,5,26,0.08,0.0856,6.53,-6.53
hybrid_v2,id6751956241,5,12,0.1727,0.1642,5.17,5.17
hybrid_v2,id6751956241,5,26,0.0784,0.0481,62.93,62.93
hybrid_v2,id6754024745,5,12,0.2272,0.2099,8.26,8.26
hybrid_v2,id6754024745,5,26,0.1158,0.0874,32.47,32.47
hybrid_v2,id6756071194,5,12,0.2221,0.1995,11.31,11.31
hybrid_v2,id6756927091,5,12,0.171,0.2273,24.79,-24.79
hybrid_v2,id6756975937,5,12,0.1677,0.1792,6.42,-6.42
hybrid_v2,id6757916413,5,12,0.2084,0.209,0.29,-0.29
hybrid_v2,id6758091957,5,12,0.1375,0.1282,7.19,7.19
hybrid_v2,id6758389804,5,12,0.1816,0.1919,5.4,-5.4
hybrid_v2,id6759177171,5,12,0.1501,0.087,72.63,72.63
hybrid_v2,id6759972130,5,12,0.2182,0.1745,25.03,25.03
hybrid_v2,id6469790837,6,12,0.2559,0.2658,3.74,-3.74
hybrid_v2,id6469790837,6,26,0.1373,0.1474,6.83,-6.83
hybrid_v2,id6469790837,6,52,0.0653,0.0757,13.72,-13.72
hybrid_v2,id6473738977,6,12,0.2326,0.2328,0.09,-0.09
hybrid_v2,id6473738977,6,26,0.1198,0.1205,0.59,-0.59
hybrid_v2,id6473738977,6,52,0.0542,0.0584,7.1,-7.1
hybrid_v2,id6475044152,6,12,0.1955,0.1968,0.67,-0.67
hybrid_v2,id6475044152,6,26,0.0935,0.0969,3.52,-3.52
hybrid_v2,id6475044152,6,52,0.0388,0.0464,16.49,-16.49
hybrid_v2,id6479984811,6,12,0.2743,0.2803,2.14,-2.14
hybrid_v2,id6479984811,6,26,0.1517,0.152,0.2,-0.2
hybrid_v2,id6479984811,6,52,0.0747,0.0823,9.23,-9.23
hybrid_v2,id6503345402,6,12,0.2443,0.2451,0.35,-0.35
hybrid_v2,id6503345402,6,26,0.1285,0.1268,1.36,1.36
hybrid_v2,id6503345402,6,52,0.0596,0.057,4.73,4.73
hybrid_v2,id6677033712,6,12,0.2067,0.2153,3.96,-3.96
hybrid_v2,id6677033712,6,26,0.1012,0.104,2.63,-2.63
hybrid_v2,id6677033712,6,52,0.0432,0.0445,2.83,-2.83
hybrid_v2,id6720756581,6,12,0.1846,0.1985,6.99,-6.99
hybrid_v2,id6720756581,6,26,0.0862,0.1025,15.94,-15.94
hybrid_v2,id6720756581,6,52,0.0348,0.0384,9.39,-9.39
hybrid_v2,id6733246935,6,12,0.2449,0.247,0.83,-0.83
hybrid_v2,id6733246935,6,26,0.129,0.1295,0.44,-0.44
hybrid_v2,id6733246935,6,52,0.0599,0.0593,1.05,1.05
hybrid_v2,id6736480661,6,12,0.2312,0.2275,1.63,1.63
hybrid_v2,id6736480661,6,26,0.1188,0.113,5.12,5.12
hybrid_v2,id6736480661,6,52,0.0536,0.0468,14.63,14.63
hybrid_v2,id6736709602,6,12,0.2116,0.2093,1.09,1.09
hybrid_v2,id6736709602,6,26,0.1046,0.1063,1.59,-1.59
hybrid_v2,id6738656024,6,12,0.2144,0.2199,2.5,-2.5
hybrid_v2,id6738656024,6,26,0.1066,0.1178,9.5,-9.5
hybrid_v2,id6738656024,6,52,0.0463,0.0482,3.94,-3.94
hybrid_v2,id6740285942,6,12,0.2109,0.2226,5.26,-5.26
hybrid_v2,id6740285942,6,26,0.1041,0.1089,4.37,-4.37
hybrid_v2,id6740285942,6,52,0.0449,0.0491,8.58,-8.58
hybrid_v2,id6740338198,6,12,0.2174,0.2286,4.91,-4.91
hybrid_v2,id6740338198,6,26,0.1087,0.1138,4.45,-4.45
hybrid_v2,id6740338198,6,52,0.0476,0.0479,0.6,-0.6
hybrid_v2,id6742549516,6,12,0.2216,0.2274,2.56,-2.56
hybrid_v2,id6742549516,6,26,0.1118,0.1151,2.85,-2.85
hybrid_v2,id6742549516,6,52,0.0494,0.0513,3.63,-3.63
hybrid_v2,id6743124943,6,12,0.2128,0.2088,1.9,1.9
hybrid_v2,id6743124943,6,26,0.1055,0.103,2.38,2.38
hybrid_v2,id6743124943,6,52,0.0457,0.0264,72.85,72.85
hybrid_v2,id6743130633,6,12,0.1943,0.2098,7.36,-7.36
hybrid_v2,id6743130633,6,26,0.0927,0.1037,10.64,-10.64
hybrid_v2,id6743130633,6,52,0.0383,0.0447,14.24,-14.24
hybrid_v2,id6743133841,6,12,0.2185,0.2332,6.29,-6.29
hybrid_v2,id6743133841,6,26,0.1096,0.112,2.14,-2.14
hybrid_v2,id6743133841,6,52,0.0481,0.0451,6.68,6.68
hybrid_v2,id6744300418,6,12,0.2308,0.2349,1.75,-1.75
hybrid_v2,id6744300418,6,26,0.1185,0.1024,15.65,15.65
hybrid_v2,id6744300418,6,52,0.0534,0.0191,179.55,179.55
hybrid_v2,id6744782145,6,12,0.1849,0.1923,3.84,-3.84
hybrid_v2,id6744782145,6,26,0.0864,0.1015,14.93,-14.93
hybrid_v2,id6746098146,6,12,0.1839,0.1836,0.2,0.2
hybrid_v2,id6746098146,6,26,0.0857,0.0773,10.84,10.84
hybrid_v2,id6746759743,6,12,0.1911,0.1888,1.22,1.22
hybrid_v2,id6746759743,6,26,0.0905,0.1024,11.59,-11.59
hybrid_v2,id6747645424,6,12,0.1784,0.1961,9.03,-9.03
hybrid_v2,id6747645424,6,26,0.0821,0.1009,18.62,-18.62
hybrid_v2,id6747979383,6,12,0.2184,0.1955,11.72,11.72
hybrid_v2,id6747979383,6,26,0.1095,0.0311,251.95,251.95
hybrid_v2,id6748954100,6,12,0.2011,0.2058,2.28,-2.28
hybrid_v2,id6748954100,6,26,0.0973,0.0567,71.68,71.68
hybrid_v2,id6751760495,6,12,0.1782,0.1828,2.54,-2.54
hybrid_v2,id6751760495,6,26,0.082,0.0856,4.28,-4.28
hybrid_v2,id6751956241,6,12,0.175,0.1642,6.62,6.62
hybrid_v2,id6751956241,6,26,0.0799,0.0481,66.13,66.13
hybrid_v2,id6754024745,6,12,0.2253,0.2099,7.34,7.34
hybrid_v2,id6754024745,6,26,0.1144,0.0874,30.86,30.86
hybrid_v2,id6756071194,6,12,0.2199,0.1995,10.21,10.21
hybrid_v2,id6756927091,6,12,0.1691,0.2273,25.62,-25.62
hybrid_v2,id6756975937,6,12,0.1674,0.1792,6.6,-6.6
hybrid_v2,id6757916413,6,12,0.2111,0.209,0.99,0.99
hybrid_v2,id6758091957,6,12,0.1364,0.1282,6.4,6.4
hybrid_v2,id6758389804,6,12,0.1857,0.1919,3.22,-3.22
hybrid_v2,id6759177171,6,12,0.1484,0.087,70.62,70.62
hybrid_v2,id6759972130,6,12,0.2085,0.1745,19.46,19.46
hybrid_v2,id6469790837,7,12,0.2572,0.2658,3.26,-3.26
hybrid_v2,id6469790837,7,26,0.1383,0.1474,6.15,-6.15
hybrid_v2,id6469790837,7,52,0.0659,0.0757,12.87,-12.87
hybrid_v2,id6473738977,7,12,0.2298,0.2328,1.28,-1.28
hybrid_v2,id6473738977,7,26,0.1177,0.1205,2.27,-2.27
hybrid_v2,id6473738977,7,52,0.053,0.0584,9.22,-9.22
hybrid_v2,id6475044152,7,12,0.1927,0.1968,2.09,-2.09
hybrid_v2,id6475044152,7,26,0.0916,0.0969,5.47,-5.47
hybrid_v2,id6475044152,7,52,0.0377,0.0464,18.77,-18.77
hybrid_v2,id6479984811,7,12,0.28,0.2803,0.1,-0.1
hybrid_v2,id6479984811,7,26,0.1562,0.152,2.81,2.81
hybrid_v2,id6479984811,7,52,0.0778,0.0823,5.5,-5.5
hybrid_v2,id6503345402,7,12,0.2429,0.2451,0.91,-0.91
hybrid_v2,id6503345402,7,26,0.1274,0.1268,0.54,0.54
hybrid_v2,id6503345402,7,52,0.059,0.057,3.59,3.59
hybrid_v2,id6677033712,7,12,0.2099,0.2153,2.49,-2.49
hybrid_v2,id6677033712,7,26,0.1035,0.104,0.5,-0.5
hybrid_v2,id6677033712,7,52,0.0445,0.0445,0.06,0.06
hybrid_v2,id6720756581,7,12,0.1871,0.1985,5.74,-5.74
hybrid_v2,id6720756581,7,26,0.0878,0.1025,14.33,-14.33
hybrid_v2,id6720756581,7,52,0.0357,0.0384,7.04,-7.04
hybrid_v2,id6733246935,7,12,0.2415,0.247,2.22,-2.22
hybrid_v2,id6733246935,7,26,0.1264,0.1295,2.43,-2.43
hybrid_v2,id6733246935,7,52,0.0583,0.0593,1.68,-1.68
hybrid_v2,id6736480661,7,12,0.2283,0.2275,0.33,0.33
hybrid_v2,id6736480661,7,26,0.1166,0.113,3.21,3.21
hybrid_v2,id6736480661,7,52,0.0523,0.0468,11.82,11.82
hybrid_v2,id6736709602,7,12,0.209,0.2093,0.12,-0.12
hybrid_v2,id6736709602,7,26,0.1028,0.1063,3.27,-3.27
hybrid_v2,id6738656024,7,12,0.2135,0.2199,2.9,-2.9
hybrid_v2,id6738656024,7,26,0.106,0.1178,10.03,-10.03
hybrid_v2,id6738656024,7,52,0.046,0.0482,4.7,-4.7
hybrid_v2,id6740285942,7,12,0.2077,0.2226,6.7,-6.7
hybrid_v2,id6740285942,7,26,0.1019,0.1089,6.44,-6.44
hybrid_v2,id6740285942,7,52,0.0436,0.0491,11.24,-11.24
hybrid_v2,id6740338198,7,12,0.2151,0.2286,5.91,-5.91
hybrid_v2,id6740338198,7,26,0.1071,0.1138,5.87,-5.87
hybrid_v2,id6740338198,7,52,0.0466,0.0479,2.61,-2.61
hybrid_v2,id6742549516,7,12,0.2209,0.2274,2.87,-2.87
hybrid_v2,id6742549516,7,26,0.1113,0.1151,3.29,-3.29
hybrid_v2,id6742549516,7,52,0.0491,0.0513,4.23,-4.23
hybrid_v2,id6743124943,7,12,0.2111,0.2088,1.09,1.09
hybrid_v2,id6743124943,7,26,0.1043,0.103,1.22,1.22
hybrid_v2,id6743124943,7,52,0.045,0.0264,70.2,70.2
hybrid_v2,id6743130633,7,12,0.1956,0.2098,6.74,-6.74
hybrid_v2,id6743130633,7,26,0.0936,0.1037,9.79,-9.79
hybrid_v2,id6743130633,7,52,0.0388,0.0447,13.13,-13.13
hybrid_v2,id6743133841,7,12,0.2189,0.2332,6.12,-6.12
hybrid_v2,id6743133841,7,26,0.1099,0.112,1.88,-1.88
hybrid_v2,id6743133841,7,52,0.0482,0.0451,7.05,7.05
hybrid_v2,id6744300418,7,12,0.2317,0.2349,1.37,-1.37
hybrid_v2,id6744300418,7,26,0.1191,0.1024,16.29,16.29
hybrid_v2,id6744300418,7,52,0.0538,0.0191,181.64,181.64
hybrid_v2,id6744782145,7,12,0.1815,0.1923,5.6,-5.6
hybrid_v2,id6744782145,7,26,0.0841,0.1015,17.13,-17.13
hybrid_v2,id6746098146,7,12,0.1812,0.1836,1.28,-1.28
hybrid_v2,id6746098146,7,26,0.0839,0.0773,8.52,8.52
hybrid_v2,id6746759743,7,12,0.1921,0.1888,1.74,1.74
hybrid_v2,id6746759743,7,26,0.0912,0.1024,10.94,-10.94
hybrid_v2,id6747645424,7,12,0.179,0.1961,8.72,-8.72
hybrid_v2,id6747645424,7,26,0.0825,0.1009,18.22,-18.22
hybrid_v2,id6747979383,7,12,0.2192,0.1955,12.13,12.13
hybrid_v2,id6747979383,7,26,0.1101,0.0311,253.79,253.79
hybrid_v2,id6748954100,7,12,0.2027,0.2058,1.49,-1.49
hybrid_v2,id6748954100,7,26,0.0984,0.0567,73.66,73.66
hybrid_v2,id6751760495,7,12,0.1798,0.1828,1.66,-1.66
hybrid_v2,id6751760495,7,26,0.083,0.0856,3.06,-3.06
hybrid_v2,id6751956241,7,12,0.172,0.1642,4.77,4.77
hybrid_v2,id6751956241,7,26,0.078,0.0481,62.07,62.07
hybrid_v2,id6754024745,7,12,0.2204,0.2099,5.0,5.0
hybrid_v2,id6754024745,7,26,0.1109,0.0874,26.81,26.81
hybrid_v2,id6756071194,7,12,0.2192,0.1995,9.89,9.89
hybrid_v2,id6756927091,7,12,0.1718,0.2273,24.43,-24.43
hybrid_v2,id6756975937,7,12,0.17,0.1792,5.13,-5.13
hybrid_v2,id6757916413,7,12,0.2137,0.209,2.25,2.25
hybrid_v2,id6758091957,7,12,0.1353,0.1282,5.49,5.49
hybrid_v2,id6758389804,7,12,0.185,0.1919,3.59,-3.59
hybrid_v2,id6759177171,7,12,0.1487,0.087,70.96,70.96
hybrid_v2,id6759972130,7,12,0.204,0.1745,16.87,16.87
hybrid_v2,id6469790837,8,12,0.2558,0.2658,3.77,-3.77
hybrid_v2,id6469790837,8,26,0.1373,0.1474,6.86,-6.86
hybrid_v2,id6469790837,8,52,0.0652,0.0757,13.77,-13.77
hybrid_v2,id6473738977,8,12,0.2269,0.2328,2.52,-2.52
hybrid_v2,id6473738977,8,26,0.1156,0.1205,4.03,-4.03
hybrid_v2,id6473738977,8,52,0.0517,0.0584,11.42,-11.42
hybrid_v2,id6475044152,8,12,0.1931,0.1968,1.9,-1.9
hybrid_v2,id6475044152,8,26,0.0918,0.0969,5.21,-5.21
hybrid_v2,id6475044152,8,52,0.0379,0.0464,18.46,-18.46
hybrid_v2,id6479984811,8,12,0.2751,0.2803,1.83,-1.83
hybrid_v2,id6479984811,8,26,0.1523,0.152,0.26,0.26
hybrid_v2,id6479984811,8,52,0.0752,0.0823,8.67,-8.67
hybrid_v2,id6503345402,8,12,0.2384,0.2451,2.76,-2.76
hybrid_v2,id6503345402,8,26,0.1241,0.1268,2.12,-2.12
hybrid_v2,id6503345402,8,52,0.0569,0.057,0.11,-0.11
hybrid_v2,id6677033712,8,12,0.2105,0.2153,2.22,-2.22
hybrid_v2,id6677033712,8,26,0.1039,0.104,0.11,-0.11
hybrid_v2,id6677033712,8,52,0.0447,0.0445,0.59,0.59
hybrid_v2,id6720756581,8,12,0.1892,0.1985,4.68,-4.68
hybrid_v2,id6720756581,8,26,0.0892,0.1025,12.97,-12.97
hybrid_v2,id6720756581,8,52,0.0364,0.0384,5.03,-5.03
hybrid_v2,id6733246935,8,12,0.2395,0.247,3.04,-3.04
hybrid_v2,id6733246935,8,26,0.1249,0.1295,3.59,-3.59
hybrid_v2,id6733246935,8,52,0.0574,0.0593,3.27,-3.27
hybrid_v2,id6736480661,8,12,0.2237,0.2275,1.7,-1.7
hybrid_v2,id6736480661,8,26,0.1133,0.113,0.24,0.24
hybrid_v2,id6736480661,8,52,0.0503,0.0468,7.48,7.48
hybrid_v2,id6736709602,8,12,0.2045,0.2093,2.29,-2.29
hybrid_v2,id6736709602,8,26,0.0997,0.1063,6.25,-6.25
hybrid_v2,id6738656024,8,12,0.2137,0.2199,2.79,-2.79
hybrid_v2,id6738656024,8,26,0.1062,0.1178,9.89,-9.89
hybrid_v2,id6738656024,8,52,0.0461,0.0482,4.5,-4.5
hybrid_v2,id6740285942,8,12,0.2089,0.2226,6.17,-6.17
hybrid_v2,id6740285942,8,26,0.1027,0.1089,5.67,-5.67
hybrid_v2,id6740285942,8,52,0.0441,0.0491,10.25,-10.25
hybrid_v2,id6740338198,8,12,0.217,0.2286,5.06,-5.06
hybrid_v2,id6740338198,8,26,0.1085,0.1138,4.66,-4.66
hybrid_v2,id6740338198,8,52,0.0474,0.0479,0.91,-0.91
hybrid_v2,id6742549516,8,12,0.2247,0.2274,1.21,-1.21
hybrid_v2,id6742549516,8,26,0.114,0.1151,0.92,-0.92
hybrid_v2,id6742549516,8,52,0.0507,0.0513,1.03,-1.03
hybrid_v2,id6743124943,8,12,0.2126,0.2088,1.8,1.8
hybrid_v2,id6743124943,8,26,0.1053,0.103,2.24,2.24
hybrid_v2,id6743124943,8,52,0.0456,0.0264,72.52,72.52
hybrid_v2,id6743130633,8,12,0.1929,0.2098,8.06,-8.06
hybrid_v2,id6743130633,8,26,0.0917,0.1037,11.6,-11.6
hybrid_v2,id6743130633,8,52,0.0378,0.0447,15.48,-15.48
hybrid_v2,id6743133841,8,12,0.2207,0.2332,5.36,-5.36
hybrid_v2,id6743133841,8,26,0.1111,0.112,0.76,-0.76
hybrid_v2,id6743133841,8,52,0.049,0.0451,8.72,8.72
hybrid_v2,id6744300418,8,12,0.2298,0.2349,2.2,-2.2
hybrid_v2,id6744300418,8,26,0.1177,0.1024,14.9,14.9
hybrid_v2,id6744300418,8,52,0.053,0.0191,177.09,177.09
hybrid_v2,id6744782145,8,12,0.18,0.1923,6.39,-6.39
hybrid_v2,id6744782145,8,26,0.0831,0.1015,18.11,-18.11
hybrid_v2,id6746098146,8,12,0.1785,0.1836,2.75,-2.75
hybrid_v2,id6746098146,8,26,0.0822,0.0773,6.25,6.25
hybrid_v2,id6746759743,8,12,0.1933,0.1888,2.4,2.4
hybrid_v2,id6746759743,8,26,0.092,0.1024,10.11,-10.11
hybrid_v2,id6747645424,8,12,0.183,0.1961,6.66,-6.66
hybrid_v2,id6747645424,8,26,0.0851,0.1009,15.6,-15.6
hybrid_v2,id6747979383,8,12,0.2179,0.1955,11.43,11.43
hybrid_v2,id6747979383,8,26,0.1091,0.0311,250.63,250.63
hybrid_v2,id6748954100,8,12,0.2007,0.2058,2.47,-2.47
hybrid_v2,id6748954100,8,26,0.097,0.0567,71.21,71.21
hybrid_v2,id6751760495,8,12,0.1834,0.1828,0.29,0.29
hybrid_v2,id6751760495,8,26,0.0854,0.0856,0.31,-0.31
hybrid_v2,id6751956241,8,12,0.1701,0.1642,3.63,3.63
hybrid_v2,id6751956241,8,26,0.0767,0.0481,59.56,59.56
hybrid_v2,id6754024745,8,12,0.2138,0.2099,1.9,1.9
hybrid_v2,id6754024745,8,26,0.1062,0.0874,21.49,21.49
hybrid_v2,id6756071194,8,12,0.2159,0.1995,8.21,8.21
hybrid_v2,id6756927091,8,12,0.1675,0.2273,26.31,-26.31
hybrid_v2,id6756975937,8,12,0.1704,0.1792,4.94,-4.94
hybrid_v2,id6757916413,8,12,0.2175,0.209,4.09,4.09
hybrid_v2,id6758091957,8,12,0.1356,0.1282,5.75,5.75
hybrid_v2,id6758389804,8,12,0.1893,0.1919,1.36,-1.36
hybrid_v2,id6759177171,8,12,0.1466,0.087,68.57,68.57
hybrid_v2,id6759972130,8,12,0.2004,0.1745,14.86,14.86
map,id6469790837,1,12,0.2235,0.2658,15.93,-15.93
map,id6469790837,1,26,0.1131,0.1474,23.26,-23.26
map,id6469790837,1,52,0.0504,0.0757,33.36,-33.36
map,id6473738977,1,12,0.2026,0.2328,12.98,-12.98
map,id6473738977,1,26,0.0977,0.1205,18.88,-18.88
map,id6473738977,1,52,0.041,0.0584,29.77,-29.77
map,id6475044152,1,12,0.1975,0.1968,0.35,0.35
map,id6475044152,1,26,0.0952,0.0969,1.71,-1.71
map,id6475044152,1,52,0.0402,0.0464,13.51,-13.51
map,id6479984811,1,12,0.2277,0.2803,18.77,-18.77
map,id6479984811,1,26,0.1162,0.152,23.56,-23.56
map,id6479984811,1,52,0.0523,0.0823,36.44,-36.44
map,id6503345402,1,12,0.2373,0.2451,3.19,-3.19
map,id6503345402,1,26,0.1247,0.1268,1.64,-1.64
map,id6503345402,1,52,0.0582,0.057,2.24,2.24
map,id6677033712,1,12,0.2086,0.2153,3.09,-3.09
map,id6677033712,1,26,0.1027,0.104,1.26,-1.26
map,id6677033712,1,52,0.0443,0.0445,0.46,-0.46
map,id6720756581,1,12,0.1878,0.1985,5.39,-5.39
map,id6720756581,1,26,0.0889,0.1025,13.31,-13.31
map,id6720756581,1,52,0.0368,0.0384,4.15,-4.15
map,id6733246935,1,12,0.2388,0.247,3.31,-3.31
map,id6733246935,1,26,0.1258,0.1295,2.84,-2.84
map,id6733246935,1,52,0.059,0.0593,0.58,-0.58
map,id6736480661,1,12,0.2299,0.2275,1.06,1.06
map,id6736480661,1,26,0.1183,0.113,4.72,4.72
map,id6736480661,1,52,0.0539,0.0468,15.3,15.3
map,id6736709602,1,12,0.2171,0.2093,3.73,3.73
map,id6736709602,1,26,0.1091,0.1063,2.58,2.58
map,id6738656024,1,12,0.231,0.2199,5.04,5.04
map,id6738656024,1,26,0.1189,0.1178,0.95,0.95
map,id6738656024,1,52,0.0542,0.0482,12.3,12.3
map,id6740285942,1,12,0.2325,0.2226,4.45,4.45
map,id6740285942,1,26,0.1199,0.1089,10.11,10.11
map,id6740285942,1,52,0.0547,0.0491,11.46,11.46
map,id6740338198,1,12,0.2529,0.2286,10.61,10.61
map,id6740338198,1,26,0.1357,0.1138,19.24,19.24
map,id6740338198,1,52,0.0649,0.0479,35.56,35.56
map,id6742549516,1,12,0.233,0.2274,2.43,2.43
map,id6742549516,1,26,0.1203,0.1151,4.56,4.56
map,id6742549516,1,52,0.055,0.0513,7.28,7.28
map,id6743124943,1,12,0.2294,0.2088,9.88,9.88
map,id6743124943,1,26,0.118,0.103,14.53,14.53
map,id6743124943,1,52,0.0538,0.0264,103.47,103.47
map,id6743130633,1,12,0.1745,0.2098,16.81,-16.81
map,id6743130633,1,26,0.0811,0.1037,21.8,-21.8
map,id6743130633,1,52,0.033,0.0447,26.29,-26.29
map,id6743133841,1,12,0.2361,0.2332,1.26,1.26
map,id6743133841,1,26,0.1227,0.112,9.58,9.58
map,id6743133841,1,52,0.0565,0.0451,25.31,25.31
map,id6744300418,1,12,0.2478,0.2349,5.5,5.5
map,id6744300418,1,26,0.1314,0.1024,28.28,28.28
map,id6744300418,1,52,0.0619,0.0191,224.03,224.03
map,id6744782145,1,12,0.2207,0.1923,14.82,14.82
map,id6744782145,1,26,0.1116,0.1015,9.95,9.95
map,id6746098146,1,12,0.1978,0.1836,7.76,7.76
map,id6746098146,1,26,0.0955,0.0773,23.46,23.46
map,id6746759743,1,12,0.2124,0.1888,12.51,12.51
map,id6746759743,1,26,0.1057,0.1024,3.3,3.3
map,id6747645424,1,12,0.1874,0.1961,4.44,-4.44
map,id6747645424,1,26,0.0883,0.1009,12.45,-12.45
map,id6747979383,1,12,0.2181,0.1955,11.56,11.56
map,id6747979383,1,26,0.1098,0.0311,252.79,252.79
map,id6748954100,1,12,0.2139,0.2058,3.96,3.96
map,id6748954100,1,26,0.1067,0.0567,88.19,88.19
map,id6751760495,1,12,0.1895,0.1828,3.66,3.66
map,id6751760495,1,26,0.0899,0.0856,4.99,4.99
map,id6751956241,1,12,0.1596,0.1642,2.79,-2.79
map,id6751956241,1,26,0.0708,0.0481,47.14,47.14
map,id6754024745,1,12,0.2152,0.2099,2.53,2.53
map,id6754024745,1,26,0.1074,0.0874,22.78,22.78
map,id6756071194,1,12,0.2313,0.1995,15.95,15.95
map,id6756927091,1,12,0.194,0.2273,14.66,-14.66
map,id6756975937,1,12,0.1792,0.1792,0.03,-0.03
map,id6757916413,1,12,0.2122,0.209,1.54,1.54
map,id6758091957,1,12,0.1708,0.1282,33.17,33.17
map,id6758389804,1,12,0.1931,0.1919,0.61,0.61
map,id6759177171,1,12,0.1853,0.087,113.06,113.06
map,id6759972130,1,12,0.2241,0.1745,28.44,28.44
map,id6469790837,2,12,0.2266,0.2658,14.75,-14.75
map,id6469790837,2,26,0.1154,0.1474,21.73,-21.73
map,id6469790837,2,52,0.0518,0.0757,31.56,-31.56
map,id6473738977,2,12,0.2159,0.2328,7.24,-7.24
map,id6473738977,2,26,0.1071,0.1205,11.14,-11.14
map,id6473738977,2,52,0.0464,0.0584,20.55,-20.55
map,id6475044152,2,12,0.1989,0.1968,1.05,1.05
map,id6475044152,2,26,0.0962,0.0969,0.74,-0.74
map,id6475044152,2,52,0.0407,0.0464,12.36,-12.36
map,id6479984811,2,12,0.241,0.2803,14.0,-14.0
map,id6479984811,2,26,0.126,0.152,17.09,-17.09
map,id6479984811,2,52,0.0584,0.0823,29.1,-29.1
map,id6503345402,2,12,0.2503,0.2451,2.08,2.08
map,id6503345402,2,26,0.1344,0.1268,6.02,6.02
map,id6503345402,2,52,0.0644,0.057,13.1,13.1
map,id6677033712,2,12,0.2125,0.2153,1.3,-1.3
map,id6677033712,2,26,0.1054,0.104,1.34,1.34
map,id6677033712,2,52,0.0458,0.0445,3.08,3.08
map,id6720756581,2,12,0.1833,0.1985,7.66,-7.66
map,id6720756581,2,26,0.0859,0.1025,16.23,-16.23
map,id6720756581,2,52,0.0351,0.0384,8.44,-8.44
map,id6733246935,2,12,0.2407,0.247,2.53,-2.53
map,id6733246935,2,26,0.1273,0.1295,1.71,-1.71
map,id6733246935,2,52,0.0599,0.0593,0.97,0.97
map,id6736480661,2,12,0.237,0.2275,4.17,4.17
map,id6736480661,2,26,0.1235,0.113,9.33,9.33
map,id6736480661,2,52,0.0571,0.0468,22.16,22.16
map,id6736709602,2,12,0.2236,0.2093,6.85,6.85
map,id6736709602,2,26,0.1137,0.1063,6.97,6.97
map,id6738656024,2,12,0.2342,0.2199,6.5,6.5
map,id6738656024,2,26,0.1213,0.1178,2.95,2.95
map,id6738656024,2,52,0.0556,0.0482,15.3,15.3
map,id6740285942,2,12,0.2344,0.2226,5.32,5.32
map,id6740285942,2,26,0.1213,0.1089,11.43,11.43
map,id6740285942,2,52,0.0556,0.0491,13.25,13.25
map,id6740338198,2,12,0.2481,0.2286,8.53,8.53
map,id6740338198,2,26,0.1321,0.1138,16.07,16.07
map,id6740338198,2,52,0.0626,0.0479,30.72,30.72
map,id6742549516,2,12,0.2325,0.2274,2.23,2.23
map,id6742549516,2,26,0.12,0.1151,4.27,4.27
map,id6742549516,2,52,0.0548,0.0513,6.87,6.87
map,id6743124943,2,12,0.2368,0.2088,13.41,13.41
map,id6743124943,2,26,0.1234,0.103,19.79,19.79
map,id6743124943,2,52,0.0571,0.0264,116.09,116.09
map,id6743130633,2,12,0.1849,0.2098,11.87,-11.87
map,id6743130633,2,26,0.088,0.1037,15.22,-15.22
map,id6743130633,2,52,0.0367,0.0447,17.93,-17.93
map,id6743133841,2,12,0.2498,0.2332,7.12,7.12
map,id6743133841,2,26,0.1329,0.112,18.7,18.7
map,id6743133841,2,52,0.0629,0.0451,39.57,39.57
map,id6744300418,2,12,0.249,0.2349,6.01,6.01
map,id6744300418,2,26,0.1323,0.1024,29.17,29.17
map,id6744300418,2,52,0.0625,0.0191,227.05,227.05
map,id6744782145,2,12,0.2072,0.1923,7.78,7.78
map,id6744782145,2,26,0.1021,0.1015,0.55,0.55
map,id6746098146,2,12,0.2012,0.1836,9.61,9.61
map,id6746098146,2,26,0.0978,0.0773,26.47,26.47
map,id6746759743,2,12,0.2057,0.1888,8.96,8.96
map,id6746759743,2,26,0.1011,0.1024,1.28,-1.28
map,id6747645424,2,12,0.1795,0.1961,8.49,-8.49
map,id6747645424,2,26,0.0831,0.1009,17.64,-17.64
map,id6747979383,2,12,0.2127,0.1955,8.79,8.79
map,id6747979383,2,26,0.1059,0.0311,240.42,240.42
map,id6748954100,2,12,0.2133,0.2058,3.64,3.64
map,id6748954100,2,26,0.1062,0.0567,87.36,87.36
map,id6751760495,2,12,0.187,0.1828,2.3,2.3
map,id6751760495,2,26,0.0882,0.0856,3.06,3.06
map,id6751956241,2,12,0.1649,0.1642,0.42,0.42
map,id6751956241,2,26,0.0741,0.0481,53.98,53.98
map,id6754024745,2,12,0.2232,0.2099,6.35,6.35
map,id6754024745,2,26,0.1131,0.0874,29.32,29.32
map,id6756071194,2,12,0.229,0.1995,14.76,14.76
map,id6756927091,2,12,0.176,0.2273,22.58,-22.58
map,id6756975937,2,12,0.1672,0.1792,6.73,-6.73
map,id6757916413,2,12,0.2062,0.209,1.32,-1.32
map,id6758091957,2,12,0.1586,0.1282,23.68,23.68
map,id6758389804,2,12,0.1802,0.1919,6.08,-6.08
map,id6759177171,2,12,0.169,0.087,94.38,94.38
map,id6759972130,2,12,0.2274,0.1745,30.32,30.32
map,id6469790837,3,12,0.2368,0.2658,10.93,-10.93
map,id6469790837,3,26,0.1228,0.1474,16.69,-16.69
map,id6469790837,3,52,0.0563,0.0757,25.57,-25.57
map,id6473738977,3,12,0.2297,0.2328,1.32,-1.32
map,id6473738977,3,26,0.117,0.1205,2.91,-2.91
map,id6473738977,3,52,0.0523,0.0584,10.42,-10.42
map,id6475044152,3,12,0.1969,0.1968,0.05,0.05
map,id6475044152,3,26,0.0948,0.0969,2.13,-2.13
map,id6475044152,3,52,0.0399,0.0464,14.01,-14.01
map,id6479984811,3,12,0.2493,0.2803,11.04,-11.04
map,id6479984811,3,26,0.1322,0.152,13.0,-13.0
map,id6479984811,3,52,0.0623,0.0823,24.34,-24.34
map,id6503345402,3,12,0.2508,0.2451,2.32,2.32
map,id6503345402,3,26,0.1348,0.1268,6.37,6.37
map,id6503345402,3,52,0.0647,0.057,13.59,13.59
map,id6677033712,3,12,0.2084,0.2153,3.21,-3.21
map,id6677033712,3,26,0.1025,0.104,1.44,-1.44
map,id6677033712,3,52,0.0441,0.0445,0.71,-0.71
map,id6720756581,3,12,0.1804,0.1985,9.14,-9.14
map,id6720756581,3,26,0.084,0.1025,18.12,-18.12
map,id6720756581,3,52,0.0341,0.0384,11.18,-11.18
map,id6733246935,3,12,0.2458,0.247,0.48,-0.48
map,id6733246935,3,26,0.1311,0.1295,1.22,1.22
map,id6733246935,3,52,0.0623,0.0593,5.05,5.05
map,id6736480661,3,12,0.2415,0.2275,6.16,6.16
map,id6736480661,3,26,0.1269,0.113,12.31,12.31
map,id6736480661,3,52,0.0592,0.0468,26.65,26.65
map,id6736709602,3,12,0.2225,0.2093,6.32,6.32
map,id6736709602,3,26,0.1129,0.1063,6.23,6.23
map,id6738656024,3,12,0.2285,0.2199,3.93,3.93
map,id6738656024,3,26,0.1171,0.1178,0.56,-0.56
map,id6738656024,3,52,0.0531,0.0482,10.04,10.04
map,id6740285942,3,12,0.2286,0.2226,2.71,2.71
map,id6740285942,3,26,0.1171,0.1089,7.52,7.52
map,id6740285942,3,52,0.053,0.0491,7.94,7.94
map,id6740338198,3,12,0.2371,0.2286,3.71,3.71
map,id6740338198,3,26,0.1238,0.1138,8.82,8.82
map,id6740338198,3,52,0.0574,0.0479,19.84,19.84
map,id6742549516,3,12,0.2299,0.2274,1.08,1.08
map,id6742549516,3,26,0.1181,0.1151,2.61,2.61
map,id6742549516,3,52,0.0536,0.0513,4.6,4.6
map,id6743124943,3,12,0.2249,0.2088,7.72,7.72
map,id6743124943,3,26,0.1147,0.103,11.36,11.36
map,id6743124943,3,52,0.0518,0.0264,95.95,95.95
map,id6743130633,3,12,0.1888,0.2098,10.02,-10.02
map,id6743130633,3,26,0.0905,0.1037,12.72,-12.72
map,id6743130633,3,52,0.0381,0.0447,14.69,-14.69
map,id6743133841,3,12,0.2359,0.2332,1.13,1.13
map,id6743133841,3,26,0.1225,0.112,9.38,9.38
map,id6743133841,3,52,0.0563,0.0451,25.02,25.02
map,id6744300418,3,12,0.2398,0.2349,2.07,2.07
map,id6744300418,3,26,0.1254,0.1024,22.39,22.39
map,id6744300418,3,52,0.0581,0.0191,204.15,204.15
map,id6744782145,3,12,0.1968,0.1923,2.38,2.38
map,id6744782145,3,26,0.0949,0.1015,6.5,-6.5
map,id6746098146,3,12,0.2001,0.1836,9.02,9.02
map,id6746098146,3,26,0.0971,0.0773,25.51,25.51
map,id6746759743,3,12,0.1982,0.1888,4.97,4.97
map,id6746759743,3,26,0.0959,0.1024,6.34,-6.34
map,id6747645424,3,12,0.1742,0.1961,11.15,-11.15
map,id6747645424,3,26,0.0797,0.1009,21.0,-21.0
map,id6747979383,3,12,0.2198,0.1955,12.41,12.41
map,id6747979383,3,26,0.1109,0.0311,256.6,256.6
map,id6748954100,3,12,0.2096,0.2058,1.88,1.88
map,id6748954100,3,26,0.1037,0.0567,82.88,82.88
map,id6751760495,3,12,0.1841,0.1828,0.7,0.7
map,id6751760495,3,26,0.0863,0.0856,0.79,0.79
map,id6751956241,3,12,0.1677,0.1642,2.17,2.17
map,id6751956241,3,26,0.0759,0.0481,57.76,57.76
map,id6754024745,3,12,0.2243,0.2099,6.86,6.86
map,id6754024745,3,26,0.1139,0.0874,30.21,30.21
map,id6756071194,3,12,0.2226,0.1995,11.59,11.59
map,id6756927091,3,12,0.1726,0.2273,24.05,-24.05
map,id6756975937,3,12,0.1662,0.1792,7.24,-7.24
map,id6757916413,3,12,0.2068,0.209,1.07,-1.07
map,id6758091957,3,12,0.1501,0.1282,17.08,17.08
map,id6758389804,3,12,0.1805,0.1919,5.92,-5.92
map,id6759177171,3,12,0.1681,0.087,93.27,93.27
map,id6759972130,3,12,0.2265,0.1745,29.81,29.81
map,id6469790837,4,12,0.2469,0.2658,7.12,-7.12
map,id6469790837,4,26,0.1303,0.1474,11.56,-11.56
map,id6469790837,4,52,0.061,0.0757,19.33,-19.33
map,id6473738977,4,12,0.2387,0.2328,2.54,2.54
map,id6473738977,4,26,0.1236,0.1205,2.57,2.57
map,id6473738977,4,52,0.0563,0.0584,3.5,-3.5
map,id6475044152,4,12,0.2017,0.1968,2.52,2.52
map,id6475044152,4,26,0.0981,0.0969,1.3,1.3
map,id6475044152,4,52,0.0418,0.0464,9.94,-9.94
map,id6479984811,4,12,0.2558,0.2803,8.73,-8.73
map,id6479984811,4,26,0.1371,0.152,9.75,-9.75
map,id6479984811,4,52,0.0654,0.0823,20.51,-20.51
map,id6503345402,4,12,0.2511,0.2451,2.42,2.42
map,id6503345402,4,26,0.135,0.1268,6.52,6.52
map,id6503345402,4,52,0.0648,0.057,13.81,13.81
map,id6677033712,4,12,0.2095,0.2153,2.7,-2.7
map,id6677033712,4,26,0.1033,0.104,0.69,-0.69
map,id6677033712,4,52,0.0446,0.0445,0.3,0.3
map,id6720756581,4,12,0.1884,0.1985,5.09,-5.09
map,id6720756581,4,26,0.0893,0.1025,12.93,-12.93
map,id6720756581,4,52,0.037,0.0384,3.59,-3.59
map,id6733246935,4,12,0.2452,0.247,0.73,-0.73
map,id6733246935,4,26,0.1306,0.1295,0.87,0.87
map,id6733246935,4,52,0.062,0.0593,4.55,4.55
map,id6736480661,4,12,0.2453,0.2275,7.83,7.83
map,id6736480661,4,26,0.1297,0.113,14.82,14.82
map,id6736480661,4,52,0.061,0.0468,30.47,30.47
map,id6736709602,4,12,0.2219,0.2093,6.01,6.01
map,id6736709602,4,26,0.1125,0.1063,5.78,5.78
map,id6738656024,4,12,0.2188,0.2199,0.48,-0.48
map,id6738656024,4,26,0.1102,0.1178,6.49,-6.49
map,id6738656024,4,52,0.0489,0.0482,1.3,1.3
map,id6740285942,4,12,0.2197,0.2226,1.3,-1.3
map,id6740285942,4,26,0.1106,0.1089,1.61,1.61
map,id6740285942,4,52,0.0491,0.0491,0.04,0.04
map,id6740338198,4,12,0.2289,0.2286,0.11,0.11
map,id6740338198,4,26,0.1178,0.1138,3.5,3.5
map,id6740338198,4,52,0.0536,0.0479,12.02,12.02
map,id6742549516,4,12,0.2248,0.2274,1.14,-1.14
map,id6742549516,4,26,0.1144,0.1151,0.58,-0.58
map,id6742549516,4,52,0.0514,0.0513,0.25,0.25
map,id6743124943,4,12,0.222,0.2088,6.33,6.33
map,id6743124943,4,26,0.1126,0.103,9.33,9.33
map,id6743124943,4,52,0.0505,0.0264,91.17,91.17
map,id6743130633,4,12,0.1982,0.2098,5.52,-5.52
map,id6743130633,4,26,0.097,0.1037,6.55,-6.55
map,id6743130633,4,52,0.0418,0.0447,6.55,-6.55
map,id6743133841,4,12,0.2284,0.2332,2.05,-2.05
map,id6743133841,4,26,0.1171,0.112,4.53,4.53
map,id6743133841,4,52,0.053,0.0451,17.61,17.61
map,id6744300418,4,12,0.2356,0.2349,0.28,0.28
map,id6744300418,4,26,0.1223,0.1024,19.36,19.36
map,id6744300418,4,52,0.0562,0.0191,194.04,194.04
map,id6744782145,4,12,0.1972,0.1923,2.57,2.57
map,id6744782145,4,26,0.0952,0.1015,6.25,-6.25
map,id6746098146,4,12,0.1919,0.1836,4.53,4.53
map,id6746098146,4,26,0.0915,0.0773,18.27,18.27
map,id6746759743,4,12,0.1946,0.1888,3.1,3.1
map,id6746759743,4,26,0.0935,0.1024,8.69,-8.69
map,id6747645424,4,12,0.1727,0.1961,11.93,-11.93
map,id6747645424,4,26,0.0787,0.1009,21.97,-21.97
map,id6747979383,4,12,0.2195,0.1955,12.26,12.26
map,id6747979383,4,26,0.1107,0.0311,255.9,255.9
map,id6748954100,4,12,0.2074,0.2058,0.81,0.81
map,id6748954100,4,26,0.1021,0.0567,80.17,80.17
map,id6751760495,4,12,0.1819,0.1828,0.52,-0.52
map,id6751760495,4,26,0.0848,0.0856,0.93,-0.93
map,id6751956241,4,12,0.17,0.1642,3.57,3.57
map,id6751956241,4,26,0.0773,0.0481,60.8,60.8
map,id6754024745,4,12,0.2353,0.2099,12.12,12.12
map,id6754024745,4,26,0.1219,0.0874,39.42,39.42
map,id6756071194,4,12,0.2253,0.1995,12.93,12.93
map,id6756927091,4,12,0.1738,0.2273,23.53,-23.53
map,id6756975937,4,12,0.1715,0.1792,4.28,-4.28
map,id6757916413,4,12,0.2102,0.209,0.59,0.59
map,id6758091957,4,12,0.1489,0.1282,16.11,16.11
map,id6758389804,4,12,0.1807,0.1919,5.85,-5.85
map,id6759177171,4,12,0.1649,0.087,89.65,89.65
map,id6759972130,4,12,0.2275,0.1745,30.35,30.35
map,id6469790837,5,12,0.2496,0.2658,6.11,-6.11
map,id6469790837,5,26,0.1324,0.1474,10.19,-10.19
map,id6469790837,5,52,0.0623,0.0757,17.63,-17.63
map,id6473738977,5,12,0.2373,0.2328,1.95,1.95
map,id6473738977,5,26,0.1226,0.1205,1.73,1.73
map,id6473738977,5,52,0.0557,0.0584,4.57,-4.57
map,id6475044152,5,12,0.1963,0.1968,0.24,-0.24
map,id6475044152,5,26,0.0944,0.0969,2.53,-2.53
map,id6475044152,5,52,0.0397,0.0464,14.48,-14.48
map,id6479984811,5,12,0.262,0.2803,6.51,-6.51
map,id6479984811,5,26,0.1419,0.152,6.61,-6.61
map,id6479984811,5,52,0.0685,0.0823,16.75,-16.75
map,id6503345402,5,12,0.2523,0.2451,2.92,2.92
map,id6503345402,5,26,0.136,0.1268,7.26,7.26
map,id6503345402,5,52,0.0654,0.057,14.88,14.88
map,id6677033712,5,12,0.2109,0.2153,2.05,-2.05
map,id6677033712,5,26,0.1042,0.104,0.25,0.25
map,id6677033712,5,52,0.0452,0.0445,1.58,1.58
map,id6720756581,5,12,0.1892,0.1985,4.7,-4.7
map,id6720756581,5,26,0.0898,0.1025,12.43,-12.43
map,id6720756581,5,52,0.0373,0.0384,2.84,-2.84
map,id6733246935,5,12,0.2494,0.247,0.98,0.98
map,id6733246935,5,26,0.1338,0.1295,3.34,3.34
map,id6733246935,5,52,0.0641,0.0593,8.01,8.01
map,id6736480661,5,12,0.2405,0.2275,5.7,5.7
map,id6736480661,5,26,0.1261,0.113,11.6,11.6
map,id6736480661,5,52,0.0587,0.0468,25.59,25.59
map,id6736709602,5,12,0.2183,0.2093,4.31,4.31
map,id6736709602,5,26,0.1099,0.1063,3.38,3.38
map,id6738656024,5,12,0.2133,0.2199,2.99,-2.99
map,id6738656024,5,26,0.1062,0.1178,9.82,-9.82
map,id6738656024,5,52,0.0465,0.0482,3.51,-3.51
map,id6740285942,5,12,0.2152,0.2226,3.33,-3.33
map,id6740285942,5,26,0.1074,0.1089,1.34,-1.34
map,id6740285942,5,52,0.0472,0.0491,3.85,-3.85
map,id6740338198,5,12,0.2247,0.2286,1.7,-1.7
map,id6740338198,5,26,0.1148,0.1138,0.85,0.85
map,id6740338198,5,52,0.0518,0.0479,8.19,8.19
map,id6742549516,5,12,0.2256,0.2274,0.8,-0.8
map,id6742549516,5,26,0.115,0.1151,0.09,-0.09
map,id6742549516,5,52,0.0517,0.0513,0.91,0.91
map,id6743124943,5,12,0.2173,0.2088,4.06,4.06
map,id6743124943,5,26,0.1093,0.103,6.05,6.05
map,id6743124943,5,52,0.0485,0.0264,83.51,83.51
map,id6743130633,5,12,0.1995,0.2098,4.91,-4.91
map,id6743130633,5,26,0.0978,0.1037,5.71,-5.71
map,id6743130633,5,52,0.0423,0.0447,5.42,-5.42
map,id6743133841,5,12,0.223,0.2332,4.38,-4.38
map,id6743133841,5,26,0.1131,0.112,1.02,1.02
map,id6743133841,5,52,0.0506,0.0451,12.33,12.33
map,id6744300418,5,12,0.231,0.2349,1.68,-1.68
map,id6744300418,5,26,0.1189,0.1024,16.05,16.05
map,id6744300418,5,52,0.0541,0.0191,183.12,183.12
map,id6744782145,5,12,0.1893,0.1923,1.51,-1.51
map,id6744782145,5,26,0.0899,0.1015,11.47,-11.47
map,id6746098146,5,12,0.1896,0.1836,3.27,3.27
map,id6746098146,5,26,0.0899,0.0773,16.27,16.27
map,id6746759743,5,12,0.1945,0.1888,3.02,3.02
map,id6746759743,5,26,0.0934,0.1024,8.79,-8.79
map,id6747645424,5,12,0.1792,0.1961,8.64,-8.64
map,id6747645424,5,26,0.0829,0.1009,17.83,-17.83
map,id6747979383,5,12,0.2246,0.1955,14.89,14.89
map,id6747979383,5,26,0.1144,0.0311,267.77,267.77
map,id6748954100,5,12,0.2099,0.2058,2.0,2.0
map,id6748954100,5,26,0.1038,0.0567,83.18,83.18
map,id6751760495,5,12,0.1794,0.1828,1.88,-1.88
map,id6751760495,5,26,0.0832,0.0856,2.83,-2.83
map,id6751956241,5,12,0.179,0.1642,9.03,9.03
map,id6751956241,5,26,0.0831,0.0481,72.84,72.84
map,id6754024745,5,12,0.2286,0.2099,8.91,8.91
map,id6754024745,5,26,0.117,0.0874,33.78,33.78
map,id6756071194,5,12,0.2279,0.1995,14.24,14.24
map,id6756927091,5,12,0.1751,0.2273,22.96,-22.96
map,id6756975937,5,12,0.1723,0.1792,3.87,-3.87
map,id6757916413,5,12,0.2106,0.209,0.75,0.75
map,id6758091957,5,12,0.152,0.1282,18.57,18.57
map,id6758389804,5,12,0.1852,0.1919,3.48,-3.48
map,id6759177171,5,12,0.1606,0.087,84.69,84.69
map,id6759972130,5,12,0.2204,0.1745,26.31,26.31
map,id6469790837,6,12,0.2529,0.2658,4.87,-4.87
map,id6469790837,6,26,0.1348,0.1474,8.5,-8.5
map,id6469790837,6,52,0.0639,0.0757,15.53,-15.53
map,id6473738977,6,12,0.2338,0.2328,0.41,0.41
map,id6473738977,6,26,0.1199,0.1205,0.47,-0.47
map,id6473738977,6,52,0.0541,0.0584,7.35,-7.35
map,id6475044152,6,12,0.1953,0.1968,0.75,-0.75
map,id6475044152,6,26,0.0938,0.0969,3.23,-3.23
map,id6475044152,6,52,0.0393,0.0464,15.3,-15.3
map,id6479984811,6,12,0.2703,0.2803,3.55,-3.55
map,id6479984811,6,26,0.1484,0.152,2.36,-2.36
map,id6479984811,6,52,0.0728,0.0823,11.59,-11.59
map,id6503345402,6,12,0.2483,0.2451,1.3,1.3
map,id6503345402,6,26,0.1329,0.1268,4.87,4.87
map,id6503345402,6,52,0.0635,0.057,11.44,11.44
map,id6677033712,6,12,0.2116,0.2153,1.72,-1.72
map,id6677033712,6,26,0.1047,0.104,0.73,0.73
map,id6677033712,6,52,0.0455,0.0445,2.24,2.24
map,id6720756581,6,12,0.189,0.1985,4.77,-4.77
map,id6720756581,6,26,0.0897,0.1025,12.51,-12.51
map,id6720756581,6,52,0.0372,0.0384,2.97,-2.97
map,id6733246935,6,12,0.2497,0.247,1.09,1.09
map,id6733246935,6,26,0.134,0.1295,3.49,3.49
map,id6733246935,6,52,0.0642,0.0593,8.23,8.23
map,id6736480661,6,12,0.2343,0.2275,2.99,2.99
map,id6736480661,6,26,0.1215,0.113,7.57,7.57
map,id6736480661,6,52,0.0559,0.0468,19.53,19.53
map,id6736709602,6,12,0.2142,0.2093,2.37,2.37
map,id6736709602,6,26,0.107,0.1063,0.68,0.68
map,id6738656024,6,12,0.2177,0.2199,1.01,-1.01
map,id6738656024,6,26,0.1093,0.1178,7.19,-7.19
map,id6738656024,6,52,0.0484,0.0482,0.28,0.28
map,id6740285942,6,12,0.2126,0.2226,4.49,-4.49
map,id6740285942,6,26,0.1056,0.1089,3.02,-3.02
map,id6740285942,6,52,0.0461,0.0491,6.04,-6.04
map,id6740338198,6,12,0.2212,0.2286,3.24,-3.24
map,id6740338198,6,26,0.1122,0.1138,1.38,-1.38
map,id6740338198,6,52,0.0503,0.0479,4.98,4.98
map,id6742549516,6,12,0.2241,0.2274,1.47,-1.47
map,id6742549516,6,26,0.1139,0.1151,1.05,-1.05
map,id6742549516,6,52,0.0511,0.0513,0.39,-0.39
map,id6743124943,6,12,0.215,0.2088,2.96,2.96
map,id6743124943,6,26,0.1076,0.103,4.47,4.47
map,id6743124943,6,52,0.0475,0.0264,79.85,79.85
map,id6743130633,6,12,0.2022,0.2098,3.62,-3.62
map,id6743130633,6,26,0.0997,0.1037,3.9,-3.9
map,id6743130633,6,52,0.0434,0.0447,2.99,-2.99
map,id6743133841,6,12,0.2201,0.2332,5.63,-5.63
map,id6743133841,6,26,0.111,0.112,0.85,-0.85
map,id6743133841,6,52,0.0494,0.0451,9.55,9.55
map,id6744300418,6,12,0.232,0.2349,1.25,-1.25
map,id6744300418,6,26,0.1196,0.1024,16.77,16.77
map,id6744300418,6,52,0.0546,0.0191,185.5,185.5
map,id6744782145,6,12,0.1868,0.1923,2.82,-2.82
map,id6744782145,6,26,0.0882,0.1015,13.13,-13.13
map,id6746098146,6,12,0.1861,0.1836,1.38,1.38
map,id6746098146,6,26,0.0876,0.0773,13.28,13.28
map,id6746759743,6,12,0.1939,0.1888,2.73,2.73
map,id6746759743,6,26,0.093,0.1024,9.15,-9.15
map,id6747645424,6,12,0.1809,0.1961,7.74,-7.74
map,id6747645424,6,26,0.084,0.1009,16.7,-16.7
map,id6747979383,6,12,0.2208,0.1955,12.91,12.91
map,id6747979383,6,26,0.1116,0.0311,258.84,258.84
map,id6748954100,6,12,0.2049,0.2058,0.4,-0.4
map,id6748954100,6,26,0.1004,0.0567,77.12,77.12
map,id6751760495,6,12,0.1818,0.1828,0.55,-0.55
map,id6751760495,6,26,0.0848,0.0856,0.97,-0.97
map,id6751956241,6,12,0.1808,0.1642,10.13,10.13
map,id6751956241,6,26,0.0843,0.0481,75.29,75.29
map,id6754024745,6,12,0.226,0.2099,7.69,7.69
map,id6754024745,6,26,0.1151,0.0874,31.65,31.65
map,id6756071194,6,12,0.2252,0.1995,12.9,12.9
map,id6756927091,6,12,0.1723,0.2273,24.21,-24.21
map,id6756975937,6,12,0.1715,0.1792,4.31,-4.31
map,id6757916413,6,12,0.2127,0.209,1.77,1.77
map,id6758091957,6,12,0.151,0.1282,17.79,17.79
map,id6758389804,6,12,0.1889,0.1919,1.59,-1.59
map,id6759177171,6,12,0.1585,0.087,82.27,82.27
map,id6759972130,6,12,0.2104,0.1745,20.57,20.57
map,id6469790837,7,12,0.2528,0.2658,4.91,-4.91
map,id6469790837,7,26,0.1348,0.1474,8.55,-8.55
map,id6469790837,7,52,0.0639,0.0757,15.6,-15.6
map,id6473738977,7,12,0.2305,0.2328,0.98,-0.98
map,id6473738977,7,26,0.1175,0.1205,2.44,-2.44
map,id6473738977,7,52,0.0526,0.0584,9.84,-9.84
map,id6475044152,7,12,0.1913,0.1968,2.79,-2.79
map,id6475044152,7,26,0.091,0.0969,6.03,-6.03
map,id6475044152,7,52,0.0378,0.0464,18.57,-18.57
map,id6479984811,7,12,0.2745,0.2803,2.05,-2.05
map,id6479984811,7,26,0.1517,0.152,0.18,-0.18
map,id6479984811,7,52,0.075,0.0823,8.91,-8.91
map,id6503345402,7,12,0.246,0.2451,0.36,0.36
map,id6503345402,7,26,0.1312,0.1268,3.5,3.5
map,id6503345402,7,52,0.0624,0.057,9.49,9.49
map,id6677033712,7,12,0.2139,0.2153,0.62,-0.62
map,id6677033712,7,26,0.1064,0.104,2.33,2.33
map,id6677033712,7,52,0.0464,0.0445,4.44,4.44
map,id6720756581,7,12,0.1909,0.1985,3.86,-3.86
map,id6720756581,7,26,0.0909,0.1025,11.33,-11.33
map,id6720756581,7,52,0.0379,0.0384,1.21,-1.21
map,id6733246935,7,12,0.2452,0.247,0.73,-0.73
map,id6733246935,7,26,0.1306,0.1295,0.86,0.86
map,id6733246935,7,52,0.062,0.0593,4.55,4.55
map,id6736480661,7,12,0.2308,0.2275,1.45,1.45
map,id6736480661,7,26,0.119,0.113,5.31,5.31
map,id6736480661,7,52,0.0543,0.0468,16.16,16.16
map,id6736709602,7,12,0.2111,0.2093,0.88,0.88
map,id6736709602,7,26,0.1048,0.1063,1.39,-1.39
map,id6738656024,7,12,0.2158,0.2199,1.87,-1.87
map,id6738656024,7,26,0.108,0.1178,8.34,-8.34
map,id6738656024,7,52,0.0476,0.0482,1.37,-1.37
map,id6740285942,7,12,0.2087,0.2226,6.24,-6.24
map,id6740285942,7,26,0.1029,0.1089,5.52,-5.52
map,id6740285942,7,52,0.0445,0.0491,9.27,-9.27
map,id6740338198,7,12,0.2181,0.2286,4.61,-4.61
map,id6740338198,7,26,0.11,0.1138,3.36,-3.36
map,id6740338198,7,52,0.0489,0.0479,2.16,2.16
map,id6742549516,7,12,0.2227,0.2274,2.07,-2.07
map,id6742549516,7,26,0.1129,0.1151,1.9,-1.9
map,id6742549516,7,52,0.0505,0.0513,1.54,-1.54
map,id6743124943,7,12,0.2128,0.2088,1.89,1.89
map,id6743124943,7,26,0.106,0.103,2.93,2.93
map,id6743124943,7,52,0.0466,0.0264,76.31,76.31
map,id6743130633,7,12,0.2026,0.2098,3.43,-3.43
map,id6743130633,7,26,0.1,0.1037,3.63,-3.63
map,id6743130633,7,52,0.0435,0.0447,2.63,-2.63
map,id6743133841,7,12,0.2198,0.2332,5.74,-5.74
map,id6743133841,7,26,0.1108,0.112,1.01,-1.01
map,id6743133841,7,52,0.0493,0.0451,9.31,9.31
map,id6744300418,7,12,0.2322,0.2349,1.16,-1.16
map,id6744300418,7,26,0.1198,0.1024,16.92,16.92
map,id6744300418,7,52,0.0547,0.0191,186.0,186.0
map,id6744782145,7,12,0.1828,0.1923,4.93,-4.93
map,id6744782145,7,26,0.0855,0.1015,15.77,-15.77
map,id6746098146,7,12,0.1829,0.1836,0.37,-0.37
map,id6746098146,7,26,0.0855,0.0773,10.54,10.54
map,id6746759743,7,12,0.1942,0.1888,2.88,2.88
map,id6746759743,7,26,0.0932,0.1024,8.96,-8.96
map,id6747645424,7,12,0.1809,0.1961,7.77,-7.77
map,id6747645424,7,26,0.084,0.1009,16.73,-16.73
map,id6747979383,7,12,0.2209,0.1955,12.97,12.97
map,id6747979383,7,26,0.1117,0.0311,259.09,259.09
map,id6748954100,7,12,0.206,0.2058,0.12,0.12
map,id6748954100,7,26,0.1011,0.0567,78.42,78.42
map,id6751760495,7,12,0.1829,0.1828,0.04,0.04
map,id6751760495,7,26,0.0855,0.0856,0.14,-0.14
map,id6751956241,7,12,0.1772,0.1642,7.91,7.91
map,id6751956241,7,26,0.0819,0.0481,70.34,70.34
map,id6754024745,7,12,0.2205,0.2099,5.05,5.05
map,id6754024745,7,26,0.1111,0.0874,27.09,27.09
map,id6756071194,7,12,0.224,0.1995,12.3,12.3
map,id6756927091,7,12,0.174,0.2273,23.46,-23.46
map,id6756975937,7,12,0.1736,0.1792,3.13,-3.13
map,id6757916413,7,12,0.2147,0.209,2.75,2.75
map,id6758091957,7,12,0.1499,0.1282,16.86,16.86
map,id6758389804,7,12,0.1876,0.1919,2.24,-2.24
map,id6759177171,7,12,0.1584,0.087,82.16,82.16
map,id6759972130,7,12,0.2055,0.1745,17.77,17.77
map,id6469790837,8,12,0.2502,0.2658,5.87,-5.87
map,id6469790837,8,26,0.1328,0.1474,9.87,-9.87
map,id6469790837,8,52,0.0626,0.0757,17.23,-17.23
map,id6473738977,8,12,0.2272,0.2328,2.38,-2.38
map,id6473738977,8,26,0.1152,0.1205,4.41,-4.41
map,id6473738977,8,52,0.0512,0.0584,12.29,-12.29
map,id6475044152,8,12,0.1907,0.1968,3.08,-3.08
map,id6475044152,8,26,0.0906,0.0969,6.43,-6.43
map,id6475044152,8,52,0.0376,0.0464,19.03,-19.03
map,id6479984811,8,12,0.2684,0.2803,4.23,-4.23
map,id6479984811,8,26,0.1469,0.152,3.34,-3.34
map,id6479984811,8,52,0.0718,0.0823,12.79,-12.79
map,id6503345402,8,12,0.2409,0.2451,1.74,-1.74
map,id6503345402,8,26,0.1273,0.1268,0.44,0.44
map,id6503345402,8,52,0.0599,0.057,5.17,5.17
map,id6677033712,8,12,0.2138,0.2153,0.67,-0.67
map,id6677033712,8,26,0.1063,0.104,2.27,2.27
map,id6677033712,8,52,0.0464,0.0445,4.35,4.35
map,id6720756581,8,12,0.1924,0.1985,3.06,-3.06
map,id6720756581,8,26,0.092,0.1025,10.3,-10.3
map,id6720756581,8,52,0.0385,0.0384,0.33,0.33
map,id6733246935,8,12,0.2423,0.247,1.9,-1.9
map,id6733246935,8,26,0.1285,0.1295,0.81,-0.81
map,id6733246935,8,52,0.0606,0.0593,2.22,2.22
map,id6736480661,8,12,0.2258,0.2275,0.77,-0.77
map,id6736480661,8,26,0.1153,0.113,2.04,2.04
map,id6736480661,8,52,0.0521,0.0468,11.35,11.35
map,id6736709602,8,12,0.2061,0.2093,1.51,-1.51
map,id6736709602,8,26,0.1013,0.1063,4.68,-4.68
map,id6738656024,8,12,0.2152,0.2199,2.13,-2.13
map,id6738656024,8,26,0.1076,0.1178,8.68,-8.68
map,id6738656024,8,52,0.0473,0.0482,1.88,-1.88
map,id6740285942,8,12,0.2093,0.2226,5.95,-5.95
map,id6740285942,8,26,0.1033,0.1089,5.11,-5.11
map,id6740285942,8,52,0.0448,0.0491,8.74,-8.74
map,id6740338198,8,12,0.2193,0.2286,4.09,-4.09
map,id6740338198,8,26,0.1108,0.1138,2.6,-2.6
map,id6740338198,8,52,0.0494,0.0479,3.23,3.23
map,id6742549516,8,12,0.226,0.2274,0.62,-0.62
map,id6742549516,8,26,0.1153,0.1151,0.16,0.16
map,id6742549516,8,52,0.0519,0.0513,1.25,1.25
map,id6743124943,8,12,0.2138,0.2088,2.38,2.38
map,id6743124943,8,26,0.1068,0.103,3.64,3.64
map,id6743124943,8,52,0.047,0.0264,77.94,77.94
map,id6743130633,8,12,0.1992,0.2098,5.06,-5.06
map,id6743130633,8,26,0.0976,0.1037,5.9,-5.9
map,id6743130633,8,52,0.0422,0.0447,5.69,-5.69
map,id6743133841,8,12,0.2211,0.2332,5.2,-5.2
map,id6743133841,8,26,0.1117,0.112,0.21,-0.21
map,id6743133841,8,52,0.0498,0.0451,10.5,10.5
map,id6744300418,8,12,0.2297,0.2349,2.22,-2.22
map,id6744300418,8,26,0.118,0.1024,15.16,15.16
map,id6744300418,8,52,0.0536,0.0191,180.2,180.2
map,id6744782145,8,12,0.1807,0.1923,5.99,-5.99
map,id6744782145,8,26,0.0842,0.1015,17.09,-17.09
map,id6746098146,8,12,0.1798,0.1836,2.04,-2.04
map,id6746098146,8,26,0.0835,0.0773,7.93,7.93
map,id6746759743,8,12,0.1949,0.1888,3.22,3.22
map,id6746759743,8,26,0.0936,0.1024,8.53,-8.53
map,id6747645424,8,12,0.1843,0.1961,6.0,-6.0
map,id6747645424,8,26,0.0863,0.1009,14.46,-14.46
map,id6747979383,8,12,0.219,0.1955,11.99,11.99
map,id6747979383,8,26,0.1104,0.0311,254.69,254.69
map,id6748954100,8,12,0.2036,0.2058,1.07,-1.07
map,id6748954100,8,26,0.0994,0.0567,75.44,75.44
map,id6751760495,8,12,0.186,0.1828,1.76,1.76
map,id6751760495,8,26,0.0876,0.0856,2.29,2.29
map,id6751956241,8,12,0.1747,0.1642,6.43,6.43
map,id6751956241,8,26,0.0804,0.0481,67.08,67.08
map,id6754024745,8,12,0.2134,0.2099,1.69,1.69
map,id6754024745,8,26,0.1061,0.0874,21.36,21.36
map,id6756071194,8,12,0.2203,0.1995,10.41,10.41
map,id6756927091,8,12,0.1689,0.2273,25.71,-25.71
map,id6756975937,8,12,0.1735,0.1792,3.19,-3.19
map,id6757916413,8,12,0.2181,0.209,4.35,4.35
map,id6758091957,8,12,0.1501,0.1282,17.06,17.06
map,id6758389804,8,12,0.1914,0.1919,0.27,-0.27
map,id6759177171,8,12,0.156,0.087,79.45,79.45
map,id6759972130,8,12,0.2017,0.1745,15.61,15.61
